Date,Open,High,Low,Close,Volume,Market Cap
"Jan 03, 2016",433.58,433.74,424.71,430.01,39633800,6467429942
"Jan 04, 2016",430.06,434.52,429.08,433.09,38477500,6515713340
"Jan 05, 2016",433.07,434.18,429.68,431.96,34522600,6500393256
"Jan 06, 2016",431.86,431.86,426.34,429.11,34042500,6458942098
"Jan 07, 2016",430.01,458.77,429.08,458.05,87562200,6896279078
"Jan 08, 2016",457.54,462.93,447.94,453.23,56993000,6825700454
"Jan 09, 2016",453.38,454.64,446.89,447.61,32278000,6742767343
"Jan 10, 2016",448.24,448.31,440.35,447.99,35995900,6750440386
"Jan 11, 2016",448.7,450.66,443.86,448.43,40450000,6758931030
"Jan 12, 2016",448.18,448.18,435.69,435.69,115607000,6568800100
"Jan 13, 2016",434.67,435.19,424.44,432.37,173888000,6520360056
"Jan 14, 2016",432.29,433.32,427.85,430.31,43945500,6490638885
"Jan 15, 2016",430.26,430.26,364.33,364.33,153351008,5496598039
"Jan 16, 2016",365.07,390.56,354.91,387.54,120352000,5848063566
"Jan 17, 2016",387.15,390.96,380.09,382.3,45319600,5770478451
"Jan 18, 2016",381.73,388.1,376.67,387.17,54403900,5845656048
"Jan 19, 2016",387.03,387.73,378.97,380.15,46819800,5740934168
"Jan 20, 2016",379.74,425.27,376.6,420.23,121720000,6347836794
"Jan 21, 2016",419.63,422.88,406.3,410.26,68338000,6198658815
"Jan 22, 2016",409.75,410.41,375.28,382.49,91546600,5780764155
"Jan 23, 2016",382.43,394.54,381.98,387.49,56247400,5858059876
"Jan 24, 2016",388.1,405.48,387.51,402.97,54824800,6093787908
"Jan 25, 2016",402.32,402.32,388.55,391.73,59062400,5925345408
"Jan 26, 2016",392,397.77,390.58,392.15,58147000,5933372928
"Jan 27, 2016",392.44,396.84,391.78,394.97,47424400,5977545745
"Jan 28, 2016",395.15,395.5,379.73,380.29,59247900,5756710303
"Jan 29, 2016",380.11,384.38,365.45,379.47,86125296,5745985821
"Jan 30, 2016",378.86,380.92,376.49,378.26,30284400,5729296096
"Jan 31, 2016",378.29,380.35,367.83,368.77,37894300,5587253351
"Feb 01, 2016",369.35,378.07,367.96,373.06,51656700,5653747618
"Feb 02, 2016",372.92,375.88,372.92,374.45,40378700,5676528707
"Feb 03, 2016",374.65,374.95,368.05,369.95,45933400,5609971377
"Feb 04, 2016",370.17,391.61,369.99,389.59,69285504,5909517630
"Feb 05, 2016",388.9,391.09,385.57,386.55,43825000,5865136968
"Feb 06, 2016",386.59,386.63,372.39,376.52,49249300,5714879155
"Feb 07, 2016",376.51,380.87,374.9,376.62,37076300,5718023735
"Feb 08, 2016",376.76,379.88,373.33,373.45,47671100,5671240831
"Feb 09, 2016",373.42,377.25,372.9,376.03,55318500,5712106127
"Feb 10, 2016",376.15,385.48,375.78,381.65,85130896,5799042060
"Feb 11, 2016",382.11,383.13,376.4,379.65,74375600,5770550973
"Feb 12, 2016",379.69,384.95,379.6,384.26,67042800,5842238586
"Feb 13, 2016",384.64,391.86,384.64,391.86,61911700,5959279526
"Feb 14, 2016",392.93,407.23,392.93,407.23,74469800,6194711495
"Feb 15, 2016",407.57,410.38,397.75,400.18,74070496,6089064891
"Feb 16, 2016",401.43,408.95,401.43,407.49,73093104,6201590434
"Feb 17, 2016",407.66,421.17,406.78,416.32,83193600,6337628174
"Feb 18, 2016",416.57,426,415.64,422.37,76752600,6431547586
"Feb 19, 2016",422.73,423.1,417.6,420.79,55711300,6408881658
"Feb 20, 2016",421.6,441.98,421.6,437.16,93992096,6659985887
"Feb 21, 2016",437.77,448.05,429.08,438.8,89820704,6686294225
"Feb 22, 2016",438.99,439.05,432.92,437.75,85385200,6671673493
"Feb 23, 2016",438.26,439.86,417.82,420.74,85244896,6413836323
"Feb 24, 2016",420.96,425.55,413.91,424.95,67743696,6479395124
"Feb 25, 2016",425.04,427.72,420.42,424.54,70798000,6474784226
"Feb 26, 2016",424.63,432.15,421.62,432.15,61486000,6592327507
"Feb 27, 2016",432.84,434.23,428.1,432.52,41893600,6599515471
"Feb 28, 2016",432.57,435.68,423.82,433.5,53033400,6615986322
"Feb 29, 2016",433.44,441.51,431.69,437.7,60694700,6681444705
"Mar 01, 2016",437.92,439.65,432.32,435.12,74895800,6643686404
"Mar 02, 2016",435.13,435.92,423.99,423.99,74955296,6475329604
"Mar 03, 2016",423.91,425.37,419.41,421.65,100484000,6441066887
"Mar 04, 2016",421.84,425.18,410.94,410.94,90856096,6279024638
"Mar 05, 2016",410.78,411.26,394.04,400.57,135384992,6122091567
"Mar 06, 2016",400.52,411.91,395.78,407.71,91212496,6232667872
"Mar 07, 2016",407.76,415.92,406.31,414.32,85762400,6335164892
"Mar 08, 2016",414.46,416.24,411.09,413.97,70311696,6331422309
"Mar 09, 2016",413.89,416.03,411.61,414.86,70012304,6346735710
"Mar 10, 2016",414.74,417.51,413.25,417.13,81022896,6383105414
"Mar 11, 2016",417.24,423.93,417.01,421.69,73969696,6454555816
"Mar 12, 2016",421.61,421.8,410.09,411.62,92712896,6301963440
"Mar 13, 2016",411.65,416.6,411.64,414.07,74322800,6340701565
"Mar 14, 2016",414.2,416.68,414.2,416.44,95259400,6378632901
"Mar 15, 2016",416.39,418.13,414.98,416.83,66781700,6386304534
"Mar 16, 2016",416.89,417.69,415.91,417.01,65185800,6390672724
"Mar 17, 2016",417.89,421,417.89,420.62,83528600,6447467967
"Mar 18, 2016",420.55,420.55,406.14,409.55,104940000,6279128504
"Mar 19, 2016",409.27,410.98,407.23,410.44,58423000,6294271612
"Mar 20, 2016",410.4,414.63,410.4,413.76,45947900,6346546570
"Mar 21, 2016",413.42,413.42,410.38,413.31,61655400,6341110984
"Mar 22, 2016",413.13,418.38,412.53,418.09,66813300,6416025151
"Mar 23, 2016",418.16,419.27,417.36,418.04,61444200,6416845742
"Mar 24, 2016",418.42,418.68,415.49,416.39,68346704,6393094869
"Mar 25, 2016",416.51,418.08,415.56,417.18,52560000,6406608048
"Mar 26, 2016",417.36,418.99,416.26,417.95,44650400,6420042696
"Mar 27, 2016",418.14,428.8,417.71,426.77,71229400,6557030843
"Mar 28, 2016",426.55,426.86,423.29,424.23,68522800,6519889575
"Mar 29, 2016",424.3,426.2,412.68,416.52,75411504,6402954687
"Mar 30, 2016",416.83,416.83,412.5,414.82,66034100,6378356002
"Mar 31, 2016",415.26,418.37,415.26,416.73,60215200,6409062819
"Apr 01, 2016",416.76,418.17,415.83,417.96,51235700,6429593619
"Apr 02, 2016",418.42,422.08,418.42,420.87,45681200,6475857111
"Apr 03, 2016",421.17,421.58,419.7,420.9,38053700,6477828309
"Apr 04, 2016",421.3,422.34,419.6,421.44,50634300,6487898586
"Apr 05, 2016",421.02,424.26,420.61,424.03,60718000,6529351750
"Apr 06, 2016",424.28,424.53,422.73,423.41,59091000,6521491709
"Apr 07, 2016",423.62,423.66,420.52,422.74,57858600,6512693215
"Apr 08, 2016",422.91,425.36,419.64,420.35,63454700,6477294354
"Apr 09, 2016",420.81,420.89,416.52,419.41,49792700,6464539022
"Apr 10, 2016",419.59,422.43,419.26,421.56,73478600,6499536744
"Apr 11, 2016",421.87,422.74,420.53,422.48,50747500,6515321585
"Apr 12, 2016",422.84,427.28,422.84,425.19,70728800,6558651418
"Apr 13, 2016",425.63,426.66,422.92,423.73,69060400,6537929600
"Apr 14, 2016",423.93,425.37,423.01,424.28,45281000,6548113819
"Apr 15, 2016",424.43,429.93,424.43,429.71,54801500,6633436610
"Apr 16, 2016",429.58,432.63,428.98,430.57,39392800,6648182380
"Apr 17, 2016",430.64,431.37,426.08,427.4,52125900,6600878376
"Apr 18, 2016",427.61,429.27,427.09,428.59,55670900,6620723761
"Apr 19, 2016",428.7,436.02,428.1,435.51,52810500,6729223763
"Apr 20, 2016",435.32,443.05,434.41,441.39,72890096,6821898724
"Apr 21, 2016",441.42,450.55,440.95,449.42,68204704,6947795903
"Apr 22, 2016",449.69,449.81,444.15,445.74,58804400,6892364370
"Apr 23, 2016",445.86,450.28,444.33,450.28,50485400,6964275296
"Apr 24, 2016",450.56,460.15,448.93,458.55,68198400,7093731211
"Apr 25, 2016",459.12,466.62,453.59,461.43,87091800,7139621427
"Apr 26, 2016",461.65,467.96,461.62,466.09,78971904,7213507974
"Apr 27, 2016",466.26,467.08,444.13,444.69,93564896,6883732526
"Apr 28, 2016",445.04,449.55,436.65,449.01,74064704,6952183242
"Apr 29, 2016",449.41,455.38,446.02,455.1,49258500,7048201013
"Apr 30, 2016",455.18,455.59,447.7,448.32,69322600,6944860514
"May 01, 2016",448.48,452.48,447.93,451.88,40660100,7001712750
"May 02, 2016",451.93,452.45,441.78,444.67,92127000,6891791430
"May 03, 2016",444.73,451.1,442.62,450.3,59366400,6980826502
"May 04, 2016",450.18,450.38,445.63,446.72,50407300,6927161701
"May 05, 2016",446.71,448.51,445.88,447.98,50440800,6948331748
"May 06, 2016",447.94,461.38,447.07,459.6,72796800,7130556704
"May 07, 2016",459.64,460.67,457.32,458.54,38364500,7115722136
"May 08, 2016",458.43,459.42,455.98,458.55,40315000,7117822794
"May 09, 2016",458.21,462.48,456.53,460.48,55493100,7149827444
"May 10, 2016",460.52,461.93,448.95,450.89,58956100,7002714977
"May 11, 2016",450.86,454.58,450.86,452.73,50605200,7032699388
"May 12, 2016",452.45,454.95,449.25,454.77,59849300,7065960832
"May 13, 2016",454.85,457.05,453.45,455.67,60845000,7081726955
"May 14, 2016",455.82,456.84,454.79,455.67,37209000,7083394303
"May 15, 2016",455.76,458.69,455.46,457.57,28514000,7114461730
"May 16, 2016",457.59,458.2,452.95,454.16,59171500,7063120268
"May 17, 2016",454.01,455.07,453.61,453.78,64100300,7058821457
"May 18, 2016",453.69,456,453.3,454.62,86850096,7073564772
"May 19, 2016",454.52,454.63,438.71,438.71,96027400,6827425412
"May 20, 2016",437.79,444.05,437.39,442.68,81987904,6890716750
"May 21, 2016",442.97,443.78,441.71,443.19,42762300,6900237725
"May 22, 2016",443.22,443.43,439.04,439.32,39657600,6842082300
"May 23, 2016",439.35,444.35,438.82,444.15,50582500,6919346395
"May 24, 2016",444.29,447.1,443.93,445.98,65783100,6949432035
"May 25, 2016",446.06,450.3,446.06,449.6,65231000,7007360094
"May 26, 2016",449.67,453.64,447.9,453.38,65203800,7067871184
"May 27, 2016",453.52,478.15,453.52,473.46,164780992,7382558440
"May 28, 2016",473.03,533.47,472.7,530.04,181199008,8266477338
"May 29, 2016",527.48,553.96,512.18,526.23,148736992,8209050618
"May 30, 2016",528.47,544.35,522.96,533.86,87958704,8330000111
"May 31, 2016",534.19,546.62,520.66,531.39,138450000,8293035755
"Jun 01, 2016",531.11,543.08,525.64,536.92,86061800,8381321200
"Jun 02, 2016",536.52,540.35,533.08,537.97,60378200,8399598923
"Jun 03, 2016",537.68,574.64,536.92,569.19,122020000,8889102698
"Jun 04, 2016",569.71,590.13,564.24,572.73,94925296,8945981422
"Jun 05, 2016",573.31,582.81,569.18,574.98,68874096,8983555643
"Jun 06, 2016",574.6,586.47,574.6,585.54,72138896,9151021089
"Jun 07, 2016",585.45,590.26,567.51,576.6,107770000,9013335474
"Jun 08, 2016",577.17,582.84,573.13,581.65,80265800,9094354021
"Jun 09, 2016",582.2,582.2,570.95,574.63,71301000,8987040811
"Jun 10, 2016",575.84,579.13,573.33,577.47,66991900,9033522014
"Jun 11, 2016",578.67,607.12,578.67,606.73,82357000,9493578714
"Jun 12, 2016",609.68,684.84,607.04,672.78,277084992,10529624647
"Jun 13, 2016",671.65,716,664.49,704.38,243295008,11026918233
"Jun 14, 2016",704.5,704.5,662.8,685.56,186694000,10734585656
"Jun 15, 2016",685.68,696.3,672.56,694.47,99223800,10876756116
"Jun 16, 2016",696.52,773.72,696.52,766.31,271633984,12004751236
"Jun 17, 2016",768.49,775.36,716.56,748.91,363320992,11734973407
"Jun 18, 2016",748.76,777.99,733.93,756.23,252718000,11852610450
"Jun 19, 2016",756.69,766.62,745.63,763.78,136184992,11974386667
"Jun 20, 2016",763.93,764.08,732.73,737.23,174511008,11561085979
"Jun 21, 2016",735.88,735.88,639.07,666.65,309944000,10456853278
"Jun 22, 2016",665.91,678.67,587.48,596.12,266392992,9352374507
"Jun 23, 2016",597.44,629.33,558.14,623.98,253462000,9791649877
"Jun 24, 2016",625.58,681.73,625.27,665.3,224316992,10442233719
"Jun 25, 2016",665.28,691.73,646.56,665.12,126656000,10442165051
"Jun 26, 2016",665.93,665.98,616.93,629.37,109225000,9883123077
"Jun 27, 2016",629.35,655.28,620.52,655.28,122134000,10292371661
"Jun 28, 2016",658.1,659.25,637.77,647,138384992,10164806261
"Jun 29, 2016",644.12,644.68,628.28,639.89,142456000,10055423427
"Jun 30, 2016",640.59,675.4,636.61,673.34,138980000,10583527799
"Jul 01, 2016",672.52,686.15,669.59,676.3,134431008,10632674990
"Jul 02, 2016",676.73,703.7,676.4,703.7,112354000,11066171356
"Jul 03, 2016",704.97,704.97,649.01,658.66,129512000,10360455388
"Jul 04, 2016",658.8,683.66,650.51,683.66,92008400,10756225162
"Jul 05, 2016",683.21,683.49,665.07,670.63,130476000,10553590036
"Jul 06, 2016",670.42,681.9,670.42,677.33,134960992,10661460872
"Jul 07, 2016",678.09,682.43,611.83,640.56,258091008,10084880016
"Jul 08, 2016",640.69,666.71,636.47,666.52,141970000,10496037616
"Jul 09, 2016",666.38,666.38,633.4,650.96,180536000,10252979330
"Jul 10, 2016",650.6,652.29,641.26,649.36,102532000,10229001841
"Jul 11, 2016",648.48,659.63,644.98,647.66,107910000,10203318330
"Jul 12, 2016",648.28,675.26,646.78,664.55,138172992,10470577835
"Jul 13, 2016",664.8,668.7,654.47,654.47,131449000,10312716681
"Jul 14, 2016",652.92,662.9,652.92,658.08,98511400,10370714378
"Jul 15, 2016",659.17,667.08,659.04,663.26,81673104,10453381650
"Jul 16, 2016",663.78,666.46,659.33,660.77,50330200,10415413843
"Jul 17, 2016",661.99,682.36,661.99,679.46,74407904,10711263460
"Jul 18, 2016",679.81,681.55,668.63,673.11,69465000,10612299585
"Jul 19, 2016",672.74,673.28,667.63,672.86,61203300,10609525767
"Jul 20, 2016",672.81,672.93,663.36,665.68,94636400,10497527596
"Jul 21, 2016",665.23,666.22,660.41,665.01,60491800,10487976073
"Jul 22, 2016",664.92,666.58,646.72,650.62,134169000,10261989674
"Jul 23, 2016",650.73,656.37,648.52,655.56,69532200,10340881944
"Jul 24, 2016",655.41,663.11,652.79,661.28,118184000,10432244355
"Jul 25, 2016",661.26,661.83,653.4,654.1,78176496,10319876749
"Jul 26, 2016",654.23,656.22,645.88,651.78,225135008,10284392843
"Jul 27, 2016",651.63,657.46,648.45,654.35,147460992,10325917979
"Jul 28, 2016",654.49,657.59,654.49,655.03,86428400,10337749269
"Jul 29, 2016",655.11,657.8,654.79,656.99,60703500,10369809306
"Jul 30, 2016",657.01,658.22,654.21,655.05,38456100,10340045284
"Jul 31, 2016",655.1,655.28,624.36,624.68,110818000,9861866433
"Aug 01, 2016",624.6,626.12,605.88,606.27,121887000,9572348580
"Aug 02, 2016",606.4,612.85,531.33,547.47,330932992,8644864335
"Aug 03, 2016",548.66,573.36,541.55,566.35,207982000,8944279139
"Aug 04, 2016",566.33,579.5,565.78,578.29,125292000,9133817995
"Aug 05, 2016",578.28,578.28,569.98,575.04,66127900,9083715053
"Aug 06, 2016",575.03,588.4,569.47,587.78,80797296,9286055404
"Aug 07, 2016",587.77,597.51,586.82,592.69,82398400,9364710627
"Aug 08, 2016",592.74,592.99,588.05,591.05,61194100,9339910963
"Aug 09, 2016",591.04,591.09,584.79,587.8,92228096,9289374235
"Aug 10, 2016",587.65,599.98,586.37,592.1,102905000,9358441335
"Aug 11, 2016",592.12,597.54,589.12,589.12,74514400,9312340020
"Aug 12, 2016",588.8,589.91,583.81,587.56,69218000,9288722581
"Aug 13, 2016",587.36,589.77,584.98,585.59,43563000,9258715472
"Aug 14, 2016",585.59,585.67,564.78,570.47,60851100,9020848475
"Aug 15, 2016",570.49,573.58,563.24,567.24,57262300,8970719083
"Aug 16, 2016",567.24,581.74,566.72,577.44,58405200,9132941526
"Aug 17, 2016",577.76,580.89,571.43,573.22,54443000,9066995409
"Aug 18, 2016",573.71,577.79,573.43,574.32,59896600,9085487925
"Aug 19, 2016",574.34,578.24,574.18,575.63,50631600,9107313927
"Aug 20, 2016",576.08,582.82,575.46,581.7,45301400,9204384754
"Aug 21, 2016",581.94,584.16,580.22,581.31,38299400,9199366517
"Aug 22, 2016",581.31,588.45,580.59,586.75,72844000,9286647694
"Aug 23, 2016",586.77,589.47,581.63,583.41,85349200,9234845697
"Aug 24, 2016",583.41,583.59,579.85,580.18,56328200,9184728961
"Aug 25, 2016",580.18,580.45,575.17,577.76,136130000,9147297036
"Aug 26, 2016",577.75,580.62,576.86,579.65,48856800,9178145243
"Aug 27, 2016",579.45,579.84,568.63,569.95,59698300,9025464112
"Aug 28, 2016",569.83,574.04,569.74,573.91,86301600,9089312935
"Aug 29, 2016",574.07,576.28,573.47,574.11,110398000,9093420855
"Aug 30, 2016",574.11,578.36,574.11,577.5,70342400,9148340524
"Aug 31, 2016",577.59,577.86,573.64,575.47,75840896,9117106217
"Sep 01, 2016",575.55,576.31,571.81,572.3,76923400,9067854884
"Sep 02, 2016",572.41,575.64,570.81,575.54,79910800,9120159589
"Sep 03, 2016",575.55,599.5,574.06,598.21,159014000,9480380026
"Sep 04, 2016",598.59,611.84,596.85,608.63,97942896,9646846465
"Sep 05, 2016",608.99,609.05,602.24,606.59,82446800,9615468145
"Sep 06, 2016",606.51,610.83,605.09,610.44,78529104,9677437248
"Sep 07, 2016",610.57,614.54,608.51,614.54,75032400,9743676240
"Sep 08, 2016",614.64,628.77,613.84,626.32,86713000,9931412644
"Sep 09, 2016",626.35,626.83,620.26,622.86,64550200,9877681032
"Sep 10, 2016",622.93,625.09,622.4,623.51,45016800,9889124590
"Sep 11, 2016",623.42,628.82,600.51,606.72,73610800,9624021892
"Sep 12, 2016",607.01,608.46,605.41,608.24,72812304,9649385919
"Sep 13, 2016",608.03,611.19,606.92,609.24,86920600,9666424848
"Sep 14, 2016",608.84,611.95,608.41,610.68,47877700,9690463177
"Sep 15, 2016",610.59,611.09,607.16,607.16,59464600,9635571708
"Sep 16, 2016",607.25,609.26,606.73,606.97,64963400,9633710359
"Sep 17, 2016",607.22,607.86,605.19,605.98,37140300,9619198525
"Sep 18, 2016",606.28,610.16,605.86,609.87,48679400,9682008337
"Sep 19, 2016",609.87,610.93,608.27,609.23,54796400,9672709264
"Sep 20, 2016",609.25,609.53,607.94,608.31,72710896,9659269452
"Sep 21, 2016",603.59,603.59,595.88,597.15,82776200,9483211005
"Sep 22, 2016",597.28,598.49,596.21,596.3,67085300,9470698215
"Sep 23, 2016",596.2,603.21,595.79,602.84,51067000,9575631549
"Sep 24, 2016",602.96,604.58,602.04,602.63,35359500,9573385118
"Sep 25, 2016",602.75,603.38,599.71,600.83,33977800,9546132575
"Sep 26, 2016",600.81,608.14,600.35,608.04,59153800,9661922446
"Sep 27, 2016",608.02,608.25,604.11,606.17,49422400,9633311305
"Sep 28, 2016",606.24,606.59,604.61,604.73,48722600,9611532319
"Sep 29, 2016",605.02,606.82,604.85,605.69,55658600,9627902106
"Sep 30, 2016",605.72,609.73,604.14,609.73,56122400,9693198750
"Oct 01, 2016",609.93,615.24,609.93,613.98,56357000,9761887632
"Oct 02, 2016",613.95,614.01,609.68,610.89,39249800,9713776587
"Oct 03, 2016",610.97,612.57,610.46,612.13,46798300,9734618878
"Oct 04, 2016",612.05,612.05,609.48,610.2,49801600,9705099355
"Oct 05, 2016",610.22,613.81,609.62,612.51,68077504,9743018924
"Oct 06, 2016",612.47,613.82,611.47,613.02,56812100,9752315689
"Oct 07, 2016",612.61,617.91,611.82,617.12,64071400,9818599994
"Oct 08, 2016",617.34,619.85,617.34,619.11,42345900,9851461946
"Oct 09, 2016",619.17,619.2,616.61,616.75,39243400,9815156618
"Oct 10, 2016",616.82,621.32,616.2,618.99,67481104,9851764897
"Oct 11, 2016",619.24,642.08,618.5,641.07,103590000,10204214839
"Oct 12, 2016",640.87,641.34,635.97,636.19,92370200,10127644784
"Oct 13, 2016",636.03,638.83,635.03,636.79,61620700,10138078870
"Oct 14, 2016",637.01,641.28,637.01,640.38,58144600,10196303437
"Oct 15, 2016",640.31,642.1,637.39,638.65,39035400,10169814232
"Oct 16, 2016",639.08,642.9,638.9,641.63,40298100,10218348388
"Oct 17, 2016",641.82,642.33,638.66,639.19,58063600,10180488274
"Oct 18, 2016",639.41,640.74,636,637.96,65546700,10162029114
"Oct 19, 2016",638.13,638.87,628.01,630.52,69381696,10044471117
"Oct 20, 2016",630.66,631.92,628.26,630.86,56957300,10050854099
"Oct 21, 2016",630.83,634.09,630.69,632.83,55951000,10083501603
"Oct 22, 2016",633.14,658.2,632.85,657.29,78556496,10474463658
"Oct 23, 2016",657.62,661.13,653.89,657.07,54474600,10472100602
"Oct 24, 2016",657.16,657.25,652.59,653.76,62218200,10420469172
"Oct 25, 2016",654,664.42,653.7,657.59,90378800,10482565592
"Oct 26, 2016",657.68,679.73,657.68,678.3,88877104,10813913071
"Oct 27, 2016",678.21,688.59,678.04,688.31,96105296,10974828655
"Oct 28, 2016",688,690.44,684.16,689.65,81145504,10997420362
"Oct 29, 2016",690.29,720.4,690.05,714.48,134760992,11394596830
"Oct 30, 2016",714.12,714.12,696.47,701.86,100665000,11194834676
"Oct 31, 2016",702.64,709.29,691.68,700.97,97064400,11181852070
"Nov 01, 2016",701.34,736.45,701.34,729.79,130527000,11642863554
"Nov 02, 2016",730.07,740.83,722.35,740.83,84865200,11820110421
"Nov 03, 2016",742.35,745.77,678.16,688.7,172808000,10989660280
"Nov 04, 2016",689.12,706.93,685.56,703.23,99907696,11222575748
"Nov 05, 2016",703.53,707.51,697.74,703.42,53752300,11226736982
"Nov 06, 2016",703.81,714.26,699.56,711.52,59902200,11357385316
"Nov 07, 2016",710.74,710.74,699.9,703.13,65047100,11224670783
"Nov 08, 2016",703.09,712.99,702.39,709.85,79660800,11333339468
"Nov 09, 2016",709.83,740.05,708.61,723.27,132429000,11548965779
"Nov 10, 2016",722.84,723.02,711.21,715.53,68807800,11426817526
"Nov 11, 2016",715.55,718.32,714.41,716.41,63119700,11442241390
"Nov 12, 2016",716.75,717.15,704.03,705.05,64622500,11262273136
"Nov 13, 2016",705.2,705.26,687.32,702.03,80318096,11215181107
"Nov 14, 2016",702,706.28,699.81,705.02,62993000,11271073434
"Nov 15, 2016",705.79,715.72,705.26,711.62,72038496,11377924616
"Nov 16, 2016",711.17,747.61,709.04,744.2,141294000,11900441939
"Nov 17, 2016",744.88,755.65,739.51,740.98,108579000,11850398479
"Nov 18, 2016",740.71,752.88,736.89,751.59,87363104,12021432968
"Nov 19, 2016",751.83,756.24,744.47,751.62,110608000,12023262925
"Nov 20, 2016",751.88,755.48,717.94,731.03,154116000,11695081878
"Nov 21, 2016",731.27,741.72,730.51,739.25,60802400,11827902946
"Nov 22, 2016",739.64,753.87,736.53,751.35,129906000,12022735372
"Nov 23, 2016",751.74,752.25,738.92,744.59,76543800,11916054235
"Nov 24, 2016",744.62,746.83,733.49,740.29,85919296,11848658575
"Nov 25, 2016",740.44,741.65,734.59,741.65,67807600,11871816579
"Nov 26, 2016",741.51,742.21,729.63,735.38,54962700,11772895899
"Nov 27, 2016",735.44,739.02,731.09,732.03,52601800,11720648987
"Nov 28, 2016",732.48,738.01,732.48,735.81,61888600,11782628755
"Nov 29, 2016",736.33,737.47,734.56,735.6,68511104,11780661280
"Nov 30, 2016",736.28,747.93,736.27,745.69,84070800,11943536630
"Dec 01, 2016",746.05,758.28,746.05,756.77,80461904,12122431239
"Dec 02, 2016",757.54,781.3,757.54,777.94,127605000,12462935160
"Dec 03, 2016",778.25,778.25,764.86,771.16,69547296,12355811709
"Dec 04, 2016",771.64,773.87,768.16,773.87,60557900,12400766376
"Dec 05, 2016",773.39,773.47,751.71,758.7,106363000,12159115875
"Dec 06, 2016",758.72,765.62,758.72,764.22,116218000,12249086971
"Dec 07, 2016",764.21,771.54,759.75,768.13,96426096,12313376414
"Dec 08, 2016",768.08,774.7,765.95,770.81,80111904,12357837893
"Dec 09, 2016",769.94,774.53,769.65,772.79,68705296,12390863077
"Dec 10, 2016",773.02,777.09,772.91,774.65,53843100,12421967470
"Dec 11, 2016",774.75,774.8,765.41,769.73,57313400,12344888048
"Dec 12, 2016",770.04,781.92,770.04,780.09,76571000,12512497969
"Dec 13, 2016",780.65,788.46,777.96,780.56,81645600,12521776922
"Dec 14, 2016",780.01,782.03,776.84,781.48,75979000,12534369129
"Dec 15, 2016",780.07,781.43,777.8,778.09,81580096,12484761985
"Dec 16, 2016",778.96,785.03,778.96,784.91,83608200,12595490539
"Dec 17, 2016",785.17,792.51,784.86,790.83,78989800,12691945028
"Dec 18, 2016",791.01,794.74,788.03,790.53,60524400,12688510068
"Dec 19, 2016",790.69,793.61,790.32,792.71,74886400,12725090633
"Dec 20, 2016",792.25,801.34,791.5,800.88,99629296,12857473134
"Dec 21, 2016",800.64,834.28,799.41,834.28,155576000,13395445163
"Dec 22, 2016",834.18,875.78,834.15,864.54,200027008,13882988216
"Dec 23, 2016",864.89,925.12,864.68,921.98,275564000,14807189352
"Dec 24, 2016",922.18,923.48,886.34,898.82,137727008,14436754927
"Dec 25, 2016",899.65,899.65,862.42,896.18,143664992,14396194094
"Dec 26, 2016",896.91,913.18,896.9,907.61,123771000,14581389977
"Dec 27, 2016",908.35,940.05,904.26,933.2,167308000,14994286713
"Dec 28, 2016",934.83,975.92,934.83,975.92,236630000,15682769405
"Dec 29, 2016",975.13,979.4,954.5,973.5,199320000,15645617392
"Dec 30, 2016",972.53,972.53,934.83,961.24,187474000,15450507055
"Dec 31, 2016",960.63,963.74,947.24,963.74,99135104,15492554222
"Jan 01, 2017",963.66,1003.08,958.7,998.33,147775008,16050407461
"Jan 02, 2017",998.62,1031.39,996.7,1021.75,222184992,16429024775
"Jan 03, 2017",1021.6,1044.08,1021.6,1043.84,185168000,16786368910
"Jan 04, 2017",1044.4,1159.42,1044.4,1154.73,344945984,18571869009
"Jan 05, 2017",1156.73,1191.1,910.42,1013.38,510199008,16300254795
"Jan 06, 2017",1014.24,1046.81,883.94,902.2,351876000,14513695758
"Jan 07, 2017",903.49,908.59,823.56,908.59,279550016,14618030536
"Jan 08, 2017",908.17,942.72,887.25,911.2,158715008,14661966429
"Jan 09, 2017",913.24,913.69,879.81,902.83,141876992,14528815565
"Jan 10, 2017",902.44,914.87,901.06,907.68,115808000,14608685049
"Jan 11, 2017",908.11,919.45,762.77,777.76,310928992,12519135996
"Jan 12, 2017",775.18,826.25,755.76,804.83,222326000,12956730411
"Jan 13, 2017",803.74,829,780,823.98,168968000,13266554392
"Jan 14, 2017",825.14,835.09,812.46,818.41,93063296,13178601992
"Jan 15, 2017",818.14,823.31,812.87,821.8,71013600,13234840657
"Jan 16, 2017",821.78,834.53,820.27,831.53,82755200,13393372620
"Jan 17, 2017",830.95,910.56,830.8,907.94,155095008,14625779851
"Jan 18, 2017",909.37,917.5,858.3,886.62,225676992,14284036613
"Jan 19, 2017",888.34,904.61,884.34,899.07,105625000,14486616700
"Jan 20, 2017",898.17,899.4,887.01,895.03,86728400,14423545371
"Jan 21, 2017",895.55,927.37,895.53,921.79,111158000,14856911163
"Jan 22, 2017",922.21,937.53,897.56,924.67,116573000,14905439337
"Jan 23, 2017",925.5,928.27,916.74,921.01,73588600,14848013909
"Jan 24, 2017",910.68,924.15,892.29,892.69,111349000,14393026385
"Jan 25, 2017",891.92,903.25,891.69,901.54,120831000,14537488261
"Jan 26, 2017",902.4,919.33,902.22,917.59,131958000,14797955301
"Jan 27, 2017",918.36,923.22,915.85,919.75,125594000,14834831700
"Jan 28, 2017",919.81,923.91,919.81,921.59,68979600,14866260449
"Jan 29, 2017",922.07,923.42,919.15,919.5,60851700,14834377926
"Jan 30, 2017",920.15,923.05,919.47,920.38,78227296,14850351605
"Jan 31, 2017",920.96,972.02,920.96,970.4,164582000,15659186515
"Feb 01, 2017",970.94,989.11,970.74,989.02,150110000,15962015276
"Feb 02, 2017",990,1013.52,983.22,1011.8,145820992,16331615570
"Feb 03, 2017",1011.46,1033.87,1008.79,1029.91,201278000,16625849489
"Feb 04, 2017",1031.33,1045.9,1015.16,1042.9,155064000,16837411920
"Feb 05, 2017",1043.52,1043.63,1022.37,1027.34,114208000,16588240157
"Feb 06, 2017",1028.4,1044.64,1028.16,1038.15,111762000,16764422010
"Feb 07, 2017",1040.14,1061.93,1040.14,1061.35,146007008,17141080574
"Feb 08, 2017",1062.32,1078.97,1037.49,1063.07,201855008,17170799127
"Feb 09, 2017",1064.7,1088.99,953.34,994.38,407220000,16063448932
"Feb 10, 2017",995.63,998.91,946.69,988.67,190452000,15973053725
"Feb 11, 2017",988.9,1009.29,982.83,1004.45,102261000,16229677099
"Feb 12, 2017",1003.52,1004.76,996.92,999.18,67530000,16146290349
"Feb 13, 2017",998.89,1002.1,976,990.64,100607000,16010322103
"Feb 14, 2017",991.73,1011.51,986.47,1004.55,137946000,16237219721
"Feb 15, 2017",1006.21,1008.84,1001.58,1007.48,89759400,16286329282
"Feb 16, 2017",1007.65,1033.37,1007.65,1027.44,122277000,16610905026
"Feb 17, 2017",1026.12,1053.17,1025.64,1046.21,136474000,16916338976
"Feb 18, 2017",1049.21,1061.1,1046.96,1054.42,99073504,17051064834
"Feb 19, 2017",1054.76,1056.81,1043.46,1047.87,77423296,16946913346
"Feb 20, 2017",1048.69,1080.49,1041.69,1079.98,109478000,17468244508
"Feb 21, 2017",1079.28,1117.25,1076.93,1115.3,186868992,18041455273
"Feb 22, 2017",1114.8,1125.39,1100.55,1117.44,136100000,18077985665
"Feb 23, 2017",1117.27,1176.62,1116.96,1166.72,189454000,18877442096
"Feb 24, 2017",1172.71,1200.39,1131.96,1173.68,330759008,18992415818
"Feb 25, 2017",1170.41,1174.85,1124.59,1143.84,139960992,18511906560
"Feb 26, 2017",1144.27,1167.47,1130.2,1165.2,116486000,18860247630
"Feb 27, 2017",1163.78,1181.98,1163.38,1179.97,131570000,19101427518
"Feb 28, 2017",1180.72,1193.25,1171.82,1179.97,184956000,19103684801
"Mar 01, 2017",1180.04,1222.5,1179.69,1222.5,229056992,19794459608
"Mar 02, 2017",1224.68,1262.13,1215.62,1251.01,368275008,20258543188
"Mar 03, 2017",1250.71,1280.31,1250.71,1274.99,315739008,20649259919
"Mar 04, 2017",1277.43,1279.4,1230.51,1255.15,183270000,20329978338
"Mar 05, 2017",1254.29,1267.29,1238.06,1267.12,134127000,20526235270
"Mar 06, 2017",1267.47,1276,1264.6,1272.83,153656992,20620991547
"Mar 07, 2017",1273.21,1275.55,1204.8,1223.54,291256000,19824773912
"Mar 08, 2017",1223.23,1232.16,1148.08,1150,332603008,18635275050
"Mar 09, 2017",1150.35,1197.46,1141.23,1188.49,212283008,19261188310
"Mar 10, 2017",1189.36,1270.47,1077.25,1116.72,563795968,18100188612
"Mar 11, 2017",1116.32,1193.83,1116.32,1175.83,283320000,19060468862
"Mar 12, 2017",1176.62,1226.98,1175.36,1221.38,227176000,19801195767
"Mar 13, 2017",1221.78,1237.37,1217.03,1231.92,380276992,19974334865
"Mar 14, 2017",1232.16,1244.81,1220.72,1240,245306000,20107761880
"Mar 15, 2017",1240.16,1251.61,1239.75,1249.61,297804992,20265831337
"Mar 16, 2017",1251.33,1257.98,1152.44,1187.81,638568000,19265847025
"Mar 17, 2017",1180.16,1180.16,1099.57,1100.23,706598976,17847435957
"Mar 18, 2017",1099.69,1114.07,957.66,973.82,621302016,15798760668
"Mar 19, 2017",976.73,1069.91,976.73,1036.74,406648000,16821676707
"Mar 20, 2017",1037.24,1063.03,1036.68,1054.23,286529984,17107266418
"Mar 21, 2017",1055.36,1122.43,1055.36,1120.54,337391008,18185299687
"Mar 22, 2017",1120.65,1120.65,1014.21,1049.14,380840992,17028630158
"Mar 23, 2017",1050.05,1058.01,1028.93,1038.59,248540000,16859314109
"Mar 24, 2017",1038.45,1040.47,934.36,937.52,491038016,15220718764
"Mar 25, 2017",936.54,975.76,903.71,972.78,435803008,15794781102
"Mar 26, 2017",974.02,1007.96,954.19,966.72,303668000,15698465531
"Mar 27, 2017",972.05,1046.4,971.98,1045.77,372535008,16983801541
"Mar 28, 2017",1044.58,1064.65,1027.73,1047.15,326332000,17008241726
"Mar 29, 2017",1046.08,1055.13,1015.88,1039.97,298457984,16893415156
"Mar 30, 2017",1042.21,1049.29,1020.04,1026.43,352968992,16675587066
"Mar 31, 2017",1026.64,1074.92,1026.64,1071.79,447287008,17414322808
"Apr 01, 2017",1071.71,1091.72,1061.09,1080.5,289633984,17557597716
"Apr 02, 2017",1080.61,1107.59,1075.45,1102.17,514187008,17911915755
"Apr 03, 2017",1102.95,1151.74,1102.95,1143.81,580444032,18591158323
"Apr 04, 2017",1145.52,1156.44,1120.52,1133.25,436310016,18421262063
"Apr 05, 2017",1134.14,1135.09,1113.63,1124.78,414784000,18285857775
"Apr 06, 2017",1125.81,1188.37,1125.81,1182.68,511222016,19229356147
"Apr 07, 2017",1178.94,1186.58,1163.39,1176.9,317022016,19137747435
"Apr 08, 2017",1172.65,1184.98,1162.58,1175.95,209312000,19124327856
"Apr 09, 2017",1176.57,1197.21,1171.86,1187.87,242343008,19320511927
"Apr 10, 2017",1187.3,1190.34,1179.04,1187.13,215883008,19310642460
"Apr 11, 2017",1187.46,1208.07,1187.46,1205.01,216182000,19604036563
"Apr 12, 2017",1204.81,1207.14,1196.76,1200.37,288702016,19530680104
"Apr 13, 2017",1201.02,1205.89,1156.44,1169.28,351968992,19026699552
"Apr 14, 2017",1170.33,1190.8,1159.79,1167.54,254827008,19000400018
"Apr 15, 2017",1167.3,1188,1164.96,1172.52,203559008,19083656460
"Apr 16, 2017",1172.61,1187.22,1172.61,1182.94,183231008,19255408766
"Apr 17, 2017",1183.25,1194.9,1172.65,1193.91,253206000,19436033390
"Apr 18, 2017",1193.77,1217.57,1193.77,1211.67,270524000,19727334977
"Apr 19, 2017",1212.13,1215.51,1205.08,1210.29,288060992,19707045565
"Apr 20, 2017",1211.08,1240.79,1208.41,1229.08,315108000,20015137622
"Apr 21, 2017",1229.42,1235.94,1215.56,1222.05,272167008,19903192286
"Apr 22, 2017",1222.71,1235.56,1208.47,1231.71,249320000,20062753908
"Apr 23, 2017",1231.92,1232.2,1203.94,1207.21,258951008,19665994145
"Apr 24, 2017",1209.63,1250.94,1209.63,1250.15,235806000,20367443800
"Apr 25, 2017",1250.45,1267.58,1249.97,1265.49,242556000,20619704237
"Apr 26, 2017",1265.99,1294.83,1265.93,1281.08,329631008,20876159410
"Apr 27, 2017",1281.88,1319.7,1281.3,1317.73,449196992,21475836448
"Apr 28, 2017",1317.74,1331.28,1292.37,1316.48,527488992,21457669552
"Apr 29, 2017",1317.84,1327.2,1315.21,1321.79,422705984,21547126640
"Apr 30, 2017",1321.87,1347.91,1314.92,1347.89,413115008,21975104909
"May 01, 2017",1348.3,1434.32,1348.3,1421.6,713624000,23179524919
"May 02, 2017",1421.03,1473.9,1415.69,1452.82,477337984,23691443738
"May 03, 2017",1453.78,1492.77,1447.49,1490.09,583795968,24301634925
"May 04, 2017",1490.72,1608.91,1490.72,1537.67,933548992,25080858487
"May 05, 2017",1540.87,1618.03,1530.31,1555.45,946035968,25373374563
"May 06, 2017",1556.81,1578.8,1542.5,1578.8,582529984,25757608890
"May 07, 2017",1579.47,1596.72,1559.76,1596.71,1080029952,26053077975
"May 08, 2017",1596.92,1723.35,1596.92,1723.35,1340320000,28123369330
"May 09, 2017",1723.89,1833.49,1716.3,1755.36,1167920000,28649119972
"May 10, 2017",1756.52,1788.44,1719.1,1787.13,915723008,29170965564
"May 11, 2017",1780.37,1873.93,1755.35,1848.57,799489984,30176934751
"May 12, 2017",1845.76,1856.15,1694.01,1724.24,740984000,28150631936
"May 13, 2017",1723.12,1812.99,1651.08,1804.91,579635008,29471223857
"May 14, 2017",1800.86,1831.42,1776.62,1808.91,437196000,29540290794
"May 15, 2017",1808.44,1812.8,1708.54,1738.43,731529024,28392885375
"May 16, 2017",1741.7,1785.94,1686.54,1734.45,959044992,28330874003
"May 17, 2017",1726.73,1864.05,1661.91,1839.09,1064729984,30043626195
"May 18, 2017",1818.7,1904.48,1807.12,1888.65,894321024,30856574835
"May 19, 2017",1897.37,2004.52,1890.25,1987.71,1157289984,32479082015
"May 20, 2017",1984.24,2084.73,1974.92,2084.73,961336000,34068630559
"May 21, 2017",2067.03,2119.08,2037.5,2041.2,1147859968,33361091114
"May 22, 2017",2043.19,2303.9,2017.87,2173.4,1942220032,35525744380
"May 23, 2017",2191.56,2320.82,2178.5,2320.42,1378749952,37933704066
"May 24, 2017",2321.37,2523.72,2321.37,2443.64,1725379968,39952841999
"May 25, 2017",2446.24,2763.71,2285.3,2304.98,2406700032,37690456715
"May 26, 2017",2320.89,2573.79,2071.99,2202.42,1763480064,36017660894
"May 27, 2017",2196.27,2260.2,1855.83,2038.87,1700480000,33347170525
"May 28, 2017",2054.08,2267.34,2054.08,2155.8,1147139968,35264171110
"May 29, 2017",2159.43,2307.05,2107.17,2255.61,994625024,36901102917
"May 30, 2017",2255.36,2301.96,2124.57,2175.47,1443970048,35594903085
"May 31, 2017",2187.19,2311.08,2145.57,2286.41,1544829952,37414813240
"Jun 01, 2017",2288.33,2448.39,2288.33,2407.88,1653180032,39407633763
"Jun 02, 2017",2404.03,2488.55,2373.32,2488.55,1317030016,40732491835
"Jun 03, 2017",2493.72,2581.91,2423.57,2515.35,1514950016,41177190057
"Jun 04, 2017",2547.79,2585.89,2452.54,2511.81,1355120000,41124262595
"Jun 05, 2017",2512.4,2686.81,2510.22,2686.81,1369309952,43994968834
"Jun 06, 2017",2690.84,2999.91,2690.84,2863.2,2089609984,46888622160
"Jun 07, 2017",2869.38,2869.38,2700.56,2732.16,1517709952,44748237218
"Jun 08, 2017",2720.49,2815.3,2670.95,2805.62,1281170048,45957247989
"Jun 09, 2017",2807.44,2901.71,2795.62,2823.81,1348950016,46260465854
"Jun 10, 2017",2828.14,2950.99,2746.55,2947.71,2018889984,48295501718
"Jun 11, 2017",2942.41,2996.6,2840.53,2958.11,1752400000,48471330146
"Jun 12, 2017",2953.22,2997.26,2518.56,2659.63,2569530112,43585351533
"Jun 13, 2017",2680.91,2789.04,2650.38,2717.02,1781200000,44530631894
"Jun 14, 2017",2716.88,2786.83,2412.94,2506.37,1696560000,41082567339
"Jun 15, 2017",2499.58,2534.71,2212.96,2464.58,2026259968,40402259202
"Jun 16, 2017",2469.57,2539.92,2385.15,2518.56,1195190016,41291821423
"Jun 17, 2017",2514.01,2685.19,2484.96,2655.88,1534509952,43548031452
"Jun 18, 2017",2655.35,2662.1,2516.33,2548.29,1178659968,41788418974
"Jun 19, 2017",2549.03,2662.85,2549.03,2589.6,1446840064,42470734800
"Jun 20, 2017",2591.26,2763.45,2589.82,2721.79,1854189952,44643512689
"Jun 21, 2017",2709.43,2772.01,2660.4,2689.1,1626579968,44111929173
"Jun 22, 2017",2691.03,2723.74,2642.36,2705.41,1097939968,44384244937
"Jun 23, 2017",2707.34,2765.17,2706.37,2744.91,961318976,45037797053
"Jun 24, 2017",2738.52,2757.94,2583.19,2608.72,982750016,42807952581
"Jun 25, 2017",2607.25,2682.26,2552.12,2589.41,1161100032,42495001716
"Jun 26, 2017",2590.57,2615.25,2376.29,2478.45,1663280000,40677994354
"Jun 27, 2017",2478.45,2552.45,2332.99,2552.45,1489789952,41897190525
"Jun 28, 2017",2553.03,2603.98,2484.42,2574.79,1183869952,42268942193
"Jun 29, 2017",2567.56,2588.83,2510.48,2539.32,949979008,41690395783
"Jun 30, 2017",2539.24,2559.25,2478.43,2480.84,860273024,40735082695
"Jul 01, 2017",2492.6,2515.27,2419.23,2434.55,779913984,39980058373
"Jul 02, 2017",2436.4,2514.28,2394.84,2506.47,803747008,41167015221
"Jul 03, 2017",2498.56,2595,2480.47,2564.06,964112000,42118211083
"Jul 04, 2017",2561,2631.59,2559.35,2601.64,985516032,42740618673
"Jul 05, 2017",2602.87,2622.65,2538.55,2601.99,941566016,42751085999
"Jul 06, 2017",2608.1,2616.72,2581.69,2608.56,761956992,42863758795
"Jul 07, 2017",2608.59,2916.14,2498.87,2518.66,917411968,41391217675
"Jul 08, 2017",2520.27,2571.34,2492.31,2571.34,733329984,42262222823
"Jul 09, 2017",2572.61,2635.49,2517.59,2518.44,527856000,41397076604
"Jul 10, 2017",2525.25,2537.16,2321.13,2372.56,1111200000,39005033499
"Jul 11, 2017",2385.89,2413.47,2296.81,2337.79,1329760000,38438497236
"Jul 12, 2017",2332.77,2423.71,2275.14,2398.84,1117410048,39447604438
"Jul 13, 2017",2402.7,2425.22,2340.83,2357.9,835769984,38778935907
"Jul 14, 2017",2360.59,2363.25,2183.22,2233.34,882502976,36734255488
"Jul 15, 2017",2230.12,2231.14,1990.41,1998.86,993608000,32880721300
"Jul 16, 2017",1991.98,2058.77,1843.03,1929.82,1182870016,31748939343
"Jul 17, 2017",1932.62,2230.49,1932.62,2228.41,1201760000,36665393517
"Jul 18, 2017",2233.52,2387.61,2164.77,2318.88,1512450048,38158677672
"Jul 19, 2017",2323.08,2397.17,2260.23,2273.43,1245100032,37415031061
"Jul 20, 2017",2269.89,2900.7,2269.89,2817.6,2249260032,46376428080
"Jul 21, 2017",2838.41,2838.41,2621.85,2667.76,1489449984,43915296559
"Jul 22, 2017",2668.63,2862.42,2657.71,2810.12,1177129984,46264340367
"Jul 23, 2017",2808.1,2832.18,2653.94,2730.4,1072840000,44957775265
"Jul 24, 2017",2732.7,2777.26,2699.19,2754.86,866473984,45366654309
"Jul 25, 2017",2757.5,2768.08,2480.96,2576.48,1460089984,42433788244
"Jul 26, 2017",2577.77,2610.76,2450.8,2529.45,937404032,41663929265
"Jul 27, 2017",2538.71,2693.32,2529.34,2671.78,789104000,44013533097
"Jul 28, 2017",2679.73,2897.45,2679.73,2809.01,1380099968,46279316161
"Jul 29, 2017",2807.02,2808.76,2692.8,2726.45,803745984,44924534585
"Jul 30, 2017",2724.39,2758.53,2644.85,2757.18,705942976,45435913868
"Jul 31, 2017",2763.24,2889.62,2720.61,2875.34,860574976,47388334773
"Aug 01, 2017",2871.3,2921.35,2685.61,2718.26,1324669952,44804603885
"Aug 02, 2017",2727.13,2762.53,2668.59,2710.67,1094950016,44684649516
"Aug 03, 2017",2709.56,2813.31,2685.14,2804.73,804796992,46239970790
"Aug 04, 2017",2806.93,2899.33,2743.72,2895.89,1002120000,47749461443
"Aug 05, 2017",2897.63,3290.01,2874.83,3252.91,1945699968,53643452554
"Aug 06, 2017",3257.61,3293.29,3155.6,3213.94,1105030016,53006426108
"Aug 07, 2017",3212.78,3397.68,3180.89,3378.94,1482279936,55734179251
"Aug 08, 2017",3370.22,3484.85,3345.83,3419.94,1752760064,56417337745
"Aug 09, 2017",3420.4,3422.76,3247.67,3342.47,1468960000,55145196472
"Aug 10, 2017",3341.84,3453.45,3319.47,3381.28,1515110016,55791120000
"Aug 11, 2017",3373.82,3679.72,3372.12,3650.62,2021190016,60241844923
"Aug 12, 2017",3650.63,3949.92,3613.7,3884.71,2219589888,64111163866
"Aug 13, 2017",3880.04,4208.39,3857.8,4073.26,3159089920,67230528989
"Aug 14, 2017",4066.1,4325.13,3989.16,4325.13,2463089920,71394704654
"Aug 15, 2017",4326.99,4455.97,3906.18,4181.93,3258050048,69038855081
"Aug 16, 2017",4200.34,4381.23,3994.42,4376.63,2272039936,72260183303
"Aug 17, 2017",4384.44,4484.7,4243.71,4331.69,2553359872,71527949443
"Aug 18, 2017",4324.34,4370.13,4015.4,4160.62,2941710080,68710871037
"Aug 19, 2017",4137.75,4243.26,3970.55,4193.7,2975820032,69265141208
"Aug 20, 2017",4189.31,4196.29,4069.88,4087.66,2109769984,67520478838
"Aug 21, 2017",4090.48,4109.14,3988.6,4001.74,2800890112,66106992038
"Aug 22, 2017",3998.35,4128.76,3674.58,4100.52,3764239872,67743202431
"Aug 23, 2017",4089.01,4255.78,4078.41,4151.52,2369819904,68593954170
"Aug 24, 2017",4137.6,4376.39,4130.26,4334.68,2037750016,71625870868
"Aug 25, 2017",4332.82,4455.7,4307.35,4371.6,1727970048,72241507489
"Aug 26, 2017",4372.06,4379.28,4269.52,4352.4,1511609984,71929882019
"Aug 27, 2017",4345.1,4416.59,4317.29,4382.88,1537459968,72441993792
"Aug 28, 2017",4384.45,4403.93,4224.64,4382.66,1959330048,72445588933
"Aug 29, 2017",4389.21,4625.68,4352.13,4579.02,2486080000,75699786263
"Aug 30, 2017",4570.36,4626.52,4471.41,4565.3,1937849984,75482724984
"Aug 31, 2017",4555.59,4736.05,4549.4,4703.39,1944930048,77775374625
"Sep 01, 2017",4701.76,4892.01,4678.53,4892.01,2599079936,80905039782
"Sep 02, 2017",4901.42,4975.04,4469.24,4578.77,2722139904,75734114962
"Sep 03, 2017",4585.27,4714.08,4417.59,4582.96,1933190016,75812181334
"Sep 04, 2017",4591.63,4591.63,4108.4,4236.31,2987330048,70087101256
"Sep 05, 2017",4228.29,4427.84,3998.11,4376.53,2697969920,72417728536
"Sep 06, 2017",4376.59,4617.25,4376.59,4597.12,2172100096,76077049312
"Sep 07, 2017",4589.14,4655.04,4491.33,4599.88,1844620032,76132843874
"Sep 08, 2017",4605.16,4661,4075.18,4228.75,2700890112,69999555938
"Sep 09, 2017",4229.81,4308.82,4114.11,4226.06,1386230016,69963847482
"Sep 10, 2017",4229.34,4245.44,3951.04,4122.94,1679090048,68263826801
"Sep 11, 2017",4122.47,4261.67,4099.4,4161.27,1557330048,68907352119
"Sep 12, 2017",4168.88,4344.65,4085.22,4130.81,1864530048,68412822896
"Sep 13, 2017",4131.98,4131.98,3789.92,3882.59,2219409920,64311123695
"Sep 14, 2017",3875.37,3920.6,3153.86,3154.95,2716310016,52265453816
"Sep 15, 2017",3166.3,3733.45,2946.62,3637.52,4148069888,60267886368
"Sep 16, 2017",3637.75,3808.84,3487.79,3625.04,1818400000,60068678195
"Sep 17, 2017",3606.28,3664.81,3445.64,3582.88,1239149952,59377995376
"Sep 18, 2017",3591.09,4079.23,3591.09,4065.2,1943209984,67377945990
"Sep 19, 2017",4073.79,4094.07,3868.87,3924.97,1563980032,65061185838
"Sep 20, 2017",3916.36,4031.39,3857.73,3905.95,1213830016,64751811835
"Sep 21, 2017",3901.47,3916.42,3613.63,3631.04,1411480064,60202370872
"Sep 22, 2017",3628.02,3758.27,3553.53,3630.7,1194829952,60203040223
"Sep 23, 2017",3629.92,3819.21,3594.58,3792.4,928113984,62892069389
"Sep 24, 2017",3796.15,3796.15,3666.9,3682.84,768014976,61081971156
"Sep 25, 2017",3681.58,3950.25,3681.58,3926.07,1374210048,65122213849
"Sep 26, 2017",3928.41,3969.89,3869.9,3892.35,1043740032,64569365079
"Sep 27, 2017",3892.94,4210.05,3884.82,4200.67,1686880000,69691950752
"Sep 28, 2017",4197.13,4279.31,4109.7,4174.73,1712320000,69270823146
"Sep 29, 2017",4171.62,4214.63,4039.29,4163.07,1367049984,69086146650
"Sep 30, 2017",4166.11,4358.43,4160.86,4338.71,1207449984,72008428789
"Oct 01, 2017",4341.05,4403.74,4269.81,4403.74,1208210048,73094870674
"Oct 02, 2017",4395.81,4470.23,4377.46,4409.32,1431730048,73195646776
"Oct 03, 2017",4408.46,4432.47,4258.89,4317.48,1288019968,71681069637
"Oct 04, 2017",4319.37,4352.31,4210.42,4229.36,1116770048,70225033578
"Oct 05, 2017",4229.88,4362.64,4164.05,4328.41,1161769984,71876277937
"Oct 06, 2017",4324.46,4413.27,4320.53,4370.81,1069939968,72589262957
"Oct 07, 2017",4369.35,4443.88,4321.05,4426.89,906928000,73529314833
"Oct 08, 2017",4429.67,4624.14,4405.64,4610.48,1313869952,76589293760
"Oct 09, 2017",4614.52,4878.71,4564.25,4772.02,1968739968,79282158943
"Oct 10, 2017",4776.21,4922.17,4765.1,4781.99,1597139968,79457603224
"Oct 11, 2017",4789.25,4873.73,4751.63,4826.48,1222279936,80205238020
"Oct 12, 2017",4829.58,5446.91,4822,5446.91,2791610112,90525666972
"Oct 13, 2017",5464.16,5840.3,5436.85,5647.21,3615480064,93864253934
"Oct 14, 2017",5643.53,5837.7,5591.64,5831.79,1669030016,96942498331
"Oct 15, 2017",5835.96,5852.48,5478.61,5678.19,1976039936,94403031755
"Oct 16, 2017",5687.57,5776.23,5544.21,5725.59,2008070016,95203392843
"Oct 17, 2017",5741.58,5800.35,5472.72,5605.51,1821570048,93218297189
"Oct 18, 2017",5603.82,5603.82,5151.44,5590.69,2399269888,92982539106
"Oct 19, 2017",5583.74,5744.35,5531.06,5708.52,1780540032,94954808115
"Oct 20, 2017",5708.11,6060.11,5627.23,6011.45,2354429952,100007083345
"Oct 21, 2017",5996.79,6194.88,5965.07,6031.6,2207099904,100353682389
"Oct 22, 2017",6036.66,6076.26,5792.34,6008.42,2034630016,99981911326
"Oct 23, 2017",6006,6075.59,5732.47,5930.32,2401840128,98695054084
"Oct 24, 2017",5935.52,5935.52,5504.18,5526.64,2735699968,91988225800
"Oct 25, 2017",5524.6,5754.33,5397.88,5750.8,1966989952,95732630220
"Oct 26, 2017",5747.95,5976.8,5721.22,5904.83,1905040000,98310176011
"Oct 27, 2017",5899.74,5988.39,5728.82,5780.9,1710130048,96254297360
"Oct 28, 2017",5787.82,5876.72,5689.19,5753.09,1403920000,95797359518
"Oct 29, 2017",5754.44,6255.71,5724.58,6153.85,2859040000,102482445590
"Oct 30, 2017",6114.85,6214.99,6040.85,6130.53,1772150016,102105356519
"Oct 31, 2017",6132.02,6470.43,6103.33,6468.4,2311379968,107743731291
"Nov 01, 2017",6440.97,6767.31,6377.88,6767.31,2870320128,112735345036
"Nov 02, 2017",6777.77,7367.33,6758.72,7078.5,4653770240,117933380780
"Nov 03, 2017",7087.53,7461.29,7002.94,7207.76,3369860096,120097405359
"Nov 04, 2017",7164.48,7492.86,7031.28,7379.95,2483800064,122978748805
"Nov 05, 2017",7404.52,7617.48,7333.19,7407.41,2380410112,123449206170
"Nov 06, 2017",7403.22,7445.77,7007.31,7022.76,3111899904,117050623317
"Nov 07, 2017",7023.1,7253.32,7023.1,7144.38,2326340096,119091456315
"Nov 08, 2017",7141.38,7776.42,7114.02,7459.69,4602200064,124360767999
"Nov 09, 2017",7446.83,7446.83,7101.52,7143.58,3226249984,119104730750
"Nov 10, 2017",7173.73,7312,6436.87,6618.14,5208249856,110354089394
"Nov 11, 2017",6618.61,6873.15,6204.22,6357.6,4908680192,106016076151
"Nov 12, 2017",6295.45,6625.05,5519.01,5950.07,8957349888,99226193603
"Nov 13, 2017",5938.25,6811.19,5844.29,6559.49,6263249920,109400650105
"Nov 14, 2017",6561.48,6764.98,6461.75,6635.75,3197110016,110683148744
"Nov 15, 2017",6634.76,7342.25,6634.76,7315.54,4200880128,122035826506
"Nov 16, 2017",7323.24,7967.38,7176.58,7871.69,5123809792,131328418537
"Nov 17, 2017",7853.57,8004.59,7561.09,7708.99,4651670016,128621507062
"Nov 18, 2017",7697.21,7884.99,7463.44,7790.15,3667190016,129997247838
"Nov 19, 2017",7766.03,8101.91,7694.1,8036.49,3149319936,134124196206
"Nov 20, 2017",8039.07,8336.86,7949.36,8200.64,3488450048,136881802624
"Nov 21, 2017",8205.74,8348.66,7762.71,8071.26,4277609984,134739693480
"Nov 22, 2017",8077.95,8302.26,8075.47,8253.55,3633530112,137797862084
"Nov 23, 2017",8232.38,8267.4,8038.77,8038.77,4225179904,134227860479
"Nov 24, 2017",8074.02,8374.16,7940.93,8253.69,5058610176,137831976173
"Nov 25, 2017",8241.71,8790.92,8191.15,8790.92,4342060032,146820557006
"Nov 26, 2017",8789.04,9522.93,8775.59,9330.55,5475579904,155850742551
"Nov 27, 2017",9352.72,9818.35,9352.72,9818.35,5653320192,164019464090
"Nov 28, 2017",9823.43,10125.7,9736.3,10058.8,6348819968,168056012886
"Nov 29, 2017",10077.4,11517.4,9601.03,9888.61,11568799744,165233728795
"Nov 30, 2017",9906.79,10801,9202.05,10233.6,8310689792,171020085600
"Dec 01, 2017",10198.6,11046.7,9694.65,10975.6,6783119872,183444663767
"Dec 02, 2017",10978.3,11320.2,10905.1,11074.6,5138500096,185122039035
"Dec 03, 2017",11082.7,11858.7,10862,11323.2,6608309760,189302389920
"Dec 04, 2017",11315.4,11657.2,11081.8,11657.2,6132409856,194912755450
"Dec 05, 2017",11685.7,12032,11604.6,11916.7,6895260160,199278350420
"Dec 06, 2017",11923.4,14369.1,11923.4,14291.5,12656300032,239024437136
"Dec 07, 2017",14266.1,17899.7,14057.3,17899.7,17950699520,299405364249
"Dec 08, 2017",17802.9,18353.4,14336.9,16569.4,21135998976,277185764485
"Dec 09, 2017",16523.3,16783,13674.9,15178.2,13911300096,253946084745
"Dec 10, 2017",15168.4,15850.6,13226.6,15455.4,13433299968,258615393665
"Dec 11, 2017",15427.4,17513.9,15404.8,16936.8,12153900032,283439888520
"Dec 12, 2017",16919.8,17781.8,16571.6,17415.4,14603799552,291483935710
"Dec 13, 2017",17500,17653.1,16039.7,16408.2,12976900096,274663619978
"Dec 14, 2017",16384.6,17085.8,16185.9,16564,13777399808,277310347000
"Dec 15, 2017",16601.3,18154.1,16601.3,17706.9,14309999616,296482120238
"Dec 16, 2017",17760.3,19716.7,17515.3,19497.4,12740599808,326502485530
"Dec 17, 2017",19475.8,20089,18974.1,19140.8,13314599936,320576568850
"Dec 18, 2017",19106.4,19371,18355.9,19114.2,14839499776,320174318520
"Dec 19, 2017",19118.3,19177.8,17275.4,17776.7,16894499840,297801055828
"Dec 20, 2017",17760.3,17934.7,16077.7,16624.6,22149699584,278528964015
"Dec 21, 2017",16642.4,17567.7,15342.7,15802.9,16516599808,264788651530
"Dec 22, 2017",15898,15943.4,11833,13831.8,22197999616,231788283457
"Dec 23, 2017",13948.7,15603.2,13828.8,14699.2,13086000128,246349213910
"Dec 24, 2017",14608.2,14626,12747.7,13925.8,11572299776,233414163395
"Dec 25, 2017",13995.9,14593,13448.9,14026.6,10664699904,235126843805
"Dec 26, 2017",14036.6,16461.2,14028.9,16099.8,13454300160,269908107763
"Dec 27, 2017",16163.5,16930.9,15114.3,15838.5,12487600128,265559172050
"Dec 28, 2017",15864.1,15888.4,13937.3,14606.5,12336499712,244929825575
"Dec 29, 2017",14695.8,15279,14307,14656.2,13025500160,245793634125
"Dec 30, 2017",14681.9,14681.9,12350.1,12952.2,14452599808,217239803085
"Dec 31, 2017",12897.7,14377.4,12755.6,14156.4,12136299520,237465823980
"Jan 01, 2018",14112.2,14112.2,13154.7,13657.2,10291200000,229119155396
"Jan 02, 2018",13625,15444.6,13163.6,14982.1,16846600192,251377913955
"Jan 03, 2018",14978.2,15572.8,14844.5,15201,16871900160,255080562912
"Jan 04, 2018",15270.7,15739.7,14522.2,15599.2,21783199744,261795321110
"Jan 05, 2018",15477.2,17705.2,15202.8,17429.5,23840899072,292544135538
"Jan 06, 2018",17462.1,17712.4,16764.6,17527,18314600448,294217423675
"Jan 07, 2018",17527.3,17579.6,16087.7,16477.6,15866000384,276634797271
"Jan 08, 2018",16476.2,16537.9,14208.2,15170.1,18413899776,254715263101
"Jan 09, 2018",15123.7,15497.5,14424,14595.4,16659999744,245095808695
"Jan 10, 2018",14588.5,14973.3,13691.2,14973.3,18500800512,251472635522
"Jan 11, 2018",14968.2,15018.8,13105.9,13405.8,16534099968,225178724050
"Jan 12, 2018",13453.9,14229.9,13158.1,13980.6,12065699840,234865160377
"Jan 13, 2018",13952.4,14659.5,13952.4,14360.2,12763599872,241268592240
"Jan 14, 2018",14370.8,14511.8,13268,13772,11084099584,231413491364
"Jan 15, 2018",13767.3,14445.5,13641.7,13819.8,12750799872,232242775485
"Jan 16, 2018",13836.1,13843.1,10194.9,11490.5,18853799936,193121120762
"Jan 17, 2018",11431.1,11678,9402.29,11188.6,18830600192,188070430523
"Jan 18, 2018",11198.8,12107.3,10942.5,11474.9,15020399616,192907550324
"Jan 19, 2018",11429.8,11992.8,11172.1,11607.4,10740400128,195158837709
"Jan 20, 2018",11656.2,13103,11656.2,12899.2,11801700352,216907619830
"Jan 21, 2018",12889.2,12895.9,11288.2,11600.1,9935179776,195089460991
"Jan 22, 2018",11633.1,11966.4,10240.2,10931.4,10537400320,183866421285
"Jan 23, 2018",10944.5,11377.6,10129.7,10868.4,9660609536,182830257191
"Jan 24, 2018",10903.4,11501.4,10639.8,11359.4,9940989952,191115225673
"Jan 25, 2018",11421.7,11785.7,11057.4,11259.4,8873169920,189455303273
"Jan 26, 2018",11256,11656.7,10470.3,11171.4,9746199552,187995804677
"Jan 27, 2018",11174.9,11614.9,10989.2,11440.7,7583269888,192550550498
"Jan 28, 2018",11475.3,12040.3,11475.3,11786.3,8350360064,198389948175
"Jan 29, 2018",11755.5,11875.6,11179.2,11296.4,7107359744,190164444830
"Jan 30, 2018",11306.8,11307.2,10036.2,10106.3,8637859840,170151556678
"Jan 31, 2018",10108.2,10381.6,9777.42,10221.1,8041160192,172099559942
"Feb 01, 2018",10237.3,10288.8,8812.28,9170.54,9959400448,154428564694
"Feb 02, 2018",9142.28,9142.28,7796.49,8830.75,12726899712,148725283812
"Feb 03, 2018",8852.12,9430.75,8251.63,9174.91,7263790080,154540000411
"Feb 04, 2018",9175.7,9334.87,8031.22,8277.01,7073549824,139433682759
"Feb 05, 2018",8270.54,8364.84,6756.68,6955.27,9285289984,117184385122
"Feb 06, 2018",7051.75,7850.7,6048.26,7754,13999800320,130658094648
"Feb 07, 2018",7755.49,8509.11,7236.79,7621.3,9169280000,128435001186
"Feb 08, 2018",7637.86,8558.77,7637.86,8265.59,9346750464,139306699929
"Feb 09, 2018",8271.84,8736.98,7884.71,8736.98,6784820224,147266052809
"Feb 10, 2018",8720.08,9122.55,8295.47,8621.9,7780960256,145341842785
"Feb 11, 2018",8616.13,8616.13,7931.1,8129.97,6122189824,137064586975
"Feb 12, 2018",8141.43,8985.92,8141.43,8926.57,6256439808,150513128412
"Feb 13, 2018",8926.72,8958.47,8455.41,8598.31,5696719872,144995984203
"Feb 14, 2018",8599.92,9518.54,8599.92,9494.63,7909819904,160131558835
"Feb 15, 2018",9488.32,10234.8,9395.58,10166.4,9062540288,171477807437
"Feb 16, 2018",10135.7,10324.1,9824.82,10233.9,7296159744,172637061144
"Feb 17, 2018",10207.5,11139.5,10149.4,11112.7,8660880384,187482083882
"Feb 18, 2018",11123.4,11349.8,10326,10551.8,8744009728,178040648022
"Feb 19, 2018",10552.6,11273.8,10513.2,11225.3,7652089856,189426791571
"Feb 20, 2018",11231.8,11958.5,11231.8,11403.7,9926540288,192457815912
"Feb 21, 2018",11372.2,11418.5,10479.1,10690.4,9405339648,180442459820
"Feb 22, 2018",10660.4,11039.1,9939.09,10005,8040079872,168892273935
"Feb 23, 2018",9937.07,10487.3,9734.56,10301.1,7739500032,173909350860
"Feb 24, 2018",10287.7,10597.2,9546.97,9813.07,6917929984,165687799108
"Feb 25, 2018",9796.42,9923.22,9407.06,9664.73,5706939904,163204062358
"Feb 26, 2018",9669.43,10475,9501.73,10366.7,7287690240,175076064010
"Feb 27, 2018",10393.9,10878.5,10246.1,10725.6,6966179840,181158869820
"Feb 28, 2018",10687.2,11089.8,10393.1,10397.9,6936189952,175644310997
"Mar 01, 2018",10385,11052.3,10352.7,10951,7317279744,185009753075
"Mar 02, 2018",10977.4,11189,10850.1,11086.4,7620590080,187318996197
"Mar 03, 2018",11101.9,11528.2,11002.4,11489.7,6690570240,194159120569
"Mar 04, 2018",11497.4,11512.6,11136.1,11512.6,6084149760,194567395376
"Mar 05, 2018",11532.4,11704.1,11443.9,11573.3,6468539904,195614809925
"Mar 06, 2018",11500.1,11500.1,10694.3,10779.9,6832169984,182225316082
"Mar 07, 2018",10803.9,10929.5,9692.12,9965.57,8797910016,168479670395
"Mar 08, 2018",9951.44,10147.4,9335.87,9395.01,7186089984,158852238332
"Mar 09, 2018",9414.69,9466.35,8513.03,9337.55,8704190464,157898203939
"Mar 10, 2018",9350.59,9531.32,8828.47,8866,5386319872,149939797150
"Mar 11, 2018",8852.78,9711.89,8607.12,9578.63,6296370176,162009710243
"Mar 12, 2018",9602.93,9937.5,8956.43,9205.12,6457399808,155710928717
"Mar 13, 2018",9173.04,9470.38,8958.19,9194.85,5991139840,155555594312
"Mar 14, 2018",9214.65,9355.85,8068.59,8269.81,6438230016,139920843550
"Mar 15, 2018",8290.76,8428.35,7783.05,8300.86,6834429952,140460819364
"Mar 16, 2018",8322.91,8585.15,8005.31,8338.35,5289379840,141111773179
"Mar 17, 2018",8321.91,8346.53,7812.82,7916.88,4426149888,133993486925
"Mar 18, 2018",7890.52,8245.51,7397.99,8223.68,6639190016,139201713268
"Mar 19, 2018",8344.12,8675.87,8182.4,8630.65,6729110016,146107514353
"Mar 20, 2018",8619.67,9051.02,8389.89,8913.47,6361789952,150909503835
"Mar 21, 2018",8937.48,9177.37,8846.33,8929.28,6043129856,151193917440
"Mar 22, 2018",8939.44,9100.71,8564.9,8728.47,5530390016,147809220250
"Mar 23, 2018",8736.25,8879.62,8360.62,8879.62,5954120192,150383574951
"Mar 24, 2018",8901.95,8996.18,8665.7,8668.12,5664600064,146818882936
"Mar 25, 2018",8612.81,8682.01,8449.1,8495.78,4569880064,143914265310
"Mar 26, 2018",8498.47,8530.08,7921.43,8209.4,5921039872,139078211968
"Mar 27, 2018",8200,8232.78,7797.28,7833.04,5378250240,132717053150
"Mar 28, 2018",7836.83,8122.89,7809.17,7954.48,4935289856,134788265876
"Mar 29, 2018",7979.07,7994.33,7081.38,7165.7,6361229824,121436043045
"Mar 30, 2018",7171.45,7276.66,6683.93,6890.52,6289509888,116786562165
"Mar 31, 2018",6892.48,7207.85,6863.52,6973.53,4553269760,118204645927
"Apr 01, 2018",7003.06,7060.95,6526.87,6844.23,4532100096,116026809075
"Apr 02, 2018",6844.86,7135.47,6816.58,7083.8,4333440000,120101932910
"Apr 03, 2018",7102.26,7530.94,7072.49,7456.11,5499700224,126429245883
"Apr 04, 2018",7456.41,7469.88,6803.88,6853.84,4936000000,116229557118
"Apr 05, 2018",6848.65,6933.82,6644.8,6811.47,5639320064,115524404354
"Apr 06, 2018",6815.96,6857.49,6575,6636.32,3766810112,112565173568
"Apr 07, 2018",6630.51,7050.54,6630.51,6911.09,3976610048,117241368688
"Apr 08, 2018",6919.98,7111.56,6919.98,7023.52,3652499968,119162880482
"Apr 09, 2018",7044.32,7178.11,6661.99,6770.73,4894060032,114886335694
"Apr 10, 2018",6795.44,6872.41,6704.15,6834.76,4272750080,115978358964
"Apr 11, 2018",6843.47,6968.32,6817.59,6968.32,4641889792,118267198080
"Apr 12, 2018",6955.38,7899.23,6806.51,7889.25,8906250240,133912618634
"Apr 13, 2018",7901.09,8183.96,7758.93,7895.96,7764460032,134043001354
"Apr 14, 2018",7874.67,8140.71,7846,7986.24,5191430144,135589384440
"Apr 15, 2018",7999.33,8338.42,7999.33,8329.11,5244480000,141427138383
"Apr 16, 2018",8337.57,8371.15,7925.73,8058.67,5631309824,136849408643
"Apr 17, 2018",8071.66,8285.96,7881.72,7902.09,6900879872,134206623206
"Apr 18, 2018",7944.43,8197.8,7886.01,8163.42,6529909760,138661092884
"Apr 19, 2018",8159.27,8298.69,8138.78,8294.31,7063209984,140902801023
"Apr 20, 2018",8286.88,8880.23,8244.54,8845.83,8438110208,150287113368
"Apr 21, 2018",8848.79,8997.57,8652.15,8895.58,7548550144,151150137128
"Apr 22, 2018",8925.06,9001.64,8779.61,8802.46,6629899776,149585589886
"Apr 23, 2018",8794.39,8958.55,8788.81,8930.88,6925190144,151784994312
"Apr 24, 2018",8934.34,9732.61,8927.83,9697.5,10678800384,164833256250
"Apr 25, 2018",9701.03,9745.32,8799.84,8845.74,11083100160,150369282696
"Apr 26, 2018",8867.32,9281.51,8727.09,9281.51,8970559488,157793327246
"Apr 27, 2018",9290.63,9375.47,8987.05,8987.05,7566289920,152802874822
"Apr 28, 2018",8939.27,9412.09,8931.99,9348.48,7805479936,158963068374
"Apr 29, 2018",9346.41,9531.49,9193.71,9419.08,8853000192,160182287342
"Apr 30, 2018",9426.11,9477.14,9166.81,9240.55,8673920000,157163847314
"May 01, 2018",9251.47,9255.88,8891.05,9119.01,7713019904,155114132125
"May 02, 2018",9104.6,9256.52,9015.14,9235.92,7558159872,157119854754
"May 03, 2018",9233.97,9798.33,9188.15,9743.86,10207299584,165778380092
"May 04, 2018",9695.5,9779.2,9585.96,9700.76,8217829888,165062796742
"May 05, 2018",9700.28,9964.5,9695.12,9858.15,7651939840,167759953654
"May 06, 2018",9845.31,9940.14,9465.25,9654.8,7222280192,164316605278
"May 07, 2018",9645.67,9665.85,9231.53,9373.01,7394019840,159538115686
"May 08, 2018",9380.87,9462.75,9127.77,9234.82,7415869952,157202142973
"May 09, 2018",9223.73,9374.76,9031.62,9325.18,7226890240,158758858205
"May 10, 2018",9325.96,9396.04,9040.52,9043.94,6906699776,153988453198
"May 11, 2018",9052.96,9052.96,8394.46,8441.49,8488520192,143743802092
"May 12, 2018",8441.44,8664.86,8223.5,8504.89,6821380096,144841040789
"May 13, 2018",8515.49,8773.55,8395.12,8723.94,5866379776,148587777457
"May 14, 2018",8713.1,8881.12,8367.97,8716.79,7364149760,148480275422
"May 15, 2018",8705.19,8836.19,8456.45,8510.38,6705710080,144979744412
"May 16, 2018",8504.41,8508.43,8175.49,8368.83,6760220160,142587497878
"May 17, 2018",8370.05,8445.54,8054.12,8094.32,5862530048,137923772714
"May 18, 2018",8091.83,8274.12,7974.82,8250.97,5764190208,140607667610
"May 19, 2018",8255.73,8372.06,8183.35,8247.18,4712399872,140559162894
"May 20, 2018",8246.99,8562.41,8205.24,8513.25,5191059968,145109512565
"May 21, 2018",8522.33,8557.52,8365.12,8418.99,5154990080,143518943480
"May 22, 2018",8419.87,8423.25,8004.58,8041.78,5137010176,137104106176
"May 23, 2018",8037.08,8054.66,7507.88,7557.82,6491120128,128868479514
"May 24, 2018",7561.12,7738.6,7331.14,7587.34,6049220096,129385391552
"May 25, 2018",7592.3,7659.14,7392.65,7480.14,4867829760,127573690458
"May 26, 2018",7486.48,7595.16,7349.12,7355.88,4051539968,125469061263
"May 27, 2018",7362.08,7381.74,7270.96,7368.22,4056519936,125695017596
"May 28, 2018",7371.31,7419.05,7100.89,7135.99,5040600064,121747389422
"May 29, 2018",7129.46,7526.42,7090.68,7472.59,5662660096,127502651064
"May 30, 2018",7469.73,7573.77,7313.6,7406.52,4922540032,126391893474
"May 31, 2018",7406.15,7608.9,7361.13,7494.17,5127130112,127902999390
"Jun 01, 2018",7500.7,7604.73,7407.34,7541.45,4921460224,128725854692
"Jun 02, 2018",7536.72,7695.83,7497.26,7643.45,4939299840,130481526036
"Jun 03, 2018",7632.09,7754.89,7613.04,7720.25,4851760128,131808021256
"Jun 04, 2018",7722.53,7753.82,7474.04,7514.47,4993169920,128312205314
"Jun 05, 2018",7500.9,7643.23,7397,7633.76,4961739776,130365918088
"Jun 06, 2018",7625.97,7680.43,7502.01,7653.98,4692259840,130725095161
"Jun 07, 2018",7650.82,7741.27,7650.82,7678.24,4485799936,131153169176
"Jun 08, 2018",7685.14,7698.19,7558.4,7624.92,4227579904,130256218613
"Jun 09, 2018",7632.52,7683.58,7531.98,7531.98,3845220096,128682085689
"Jun 10, 2018",7499.55,7499.55,6709.07,6786.02,5804839936,115948312827
"Jun 11, 2018",6799.29,6910.18,6706.63,6906.92,4745269760,118025877189
"Jun 12, 2018",6905.82,6907.96,6542.08,6582.36,4654380032,112491874164
"Jun 13, 2018",6596.88,6631.66,6285.63,6349.9,5052349952,108530585830
"Jun 14, 2018",6342.75,6707.14,6334.46,6675.35,5138710016,114106009748
"Jun 15, 2018",6674.08,6681.08,6433.87,6456.58,3955389952,110378702283
"Jun 16, 2018",6455.45,6592.49,6402.29,6550.16,3194170112,111992015616
"Jun 17, 2018",6545.53,6589.11,6499.27,6499.27,3104019968,111134754810
"Jun 18, 2018",6510.07,6781.14,6446.68,6734.82,4039200000,115176197712
"Jun 19, 2018",6742.39,6822.5,6709.92,6769.94,4057029888,115789919278
"Jun 20, 2018",6770.76,6821.56,6611.88,6776.55,3888640000,115916357344
"Jun 21, 2018",6780.09,6810.94,6715.17,6729.74,3529129984,115129700024
"Jun 22, 2018",6737.88,6747.08,6006.6,6083.69,5079810048,104088814967
"Jun 23, 2018",6090.1,6224.82,6071.81,6162.48,3431360000,105449276520
"Jun 24, 2018",6164.28,6223.78,5826.41,6173.23,4566909952,105646571668
"Jun 25, 2018",6171.97,6327.37,6119.68,6249.18,5500810240,106958465208
"Jun 26, 2018",6253.55,6290.16,6093.67,6093.67,3279759872,104307939200
"Jun 27, 2018",6084.4,6180,6052.85,6157.13,3296219904,105403600614
"Jun 28, 2018",6153.16,6170.41,5873.05,5903.44,3467800064,101072353482
"Jun 29, 2018",5898.13,6261.66,5835.75,6218.3,3966230016,106474707240
"Jun 30, 2018",6214.22,6465.51,6214.22,6404,4543860224,109665618200
"Jul 01, 2018",6411.68,6432.85,6289.29,6385.82,4788259840,109366024632
"Jul 02, 2018",6380.38,6683.86,6305.7,6614.18,4396930048,113288832522
"Jul 03, 2018",6596.66,6671.37,6447.75,6529.59,4672309760,111849428104
"Jul 04, 2018",6550.87,6771.92,6450.46,6597.55,4176689920,113024522547
"Jul 05, 2018",6599.71,6749.54,6546.65,6639.14,4999240192,113748385620
"Jul 06, 2018",6638.69,6700.94,6533.55,6673.5,4313959936,114350502582
"Jul 07, 2018",6668.71,6863.99,6579.24,6856.93,3961080064,117506606000
"Jul 08, 2018",6857.8,6885.91,6747.98,6773.88,3386210048,116097021279
"Jul 09, 2018",6775.08,6838.68,6724.34,6741.75,3718129920,115557889495
"Jul 10, 2018",6739.21,6767.74,6320.72,6329.95,4052430080,108511009626
"Jul 11, 2018",6330.77,6444.96,6330.47,6394.71,3644859904,109631867446
"Jul 12, 2018",6396.78,6397.1,6136.42,6228.81,3770170112,106798864820
"Jul 13, 2018",6235.03,6310.55,6192.24,6238.05,3805400064,106968440793
"Jul 14, 2018",6247.5,6298.19,6212.22,6276.12,2923670016,107631453835
"Jul 15, 2018",6272.7,6403.46,6256.51,6359.64,3285459968,109074579938
"Jul 16, 2018",6357.01,6741.75,6357.01,6741.75,4725799936,115638203962
"Jul 17, 2018",6739.65,7387.24,6684.17,7321.04,5961950208,125588963706
"Jul 18, 2018",7315.32,7534.99,7280.47,7370.78,6103410176,126458165406
"Jul 19, 2018",7378.2,7494.46,7295.46,7466.86,5111629824,128122730711
"Jul 20, 2018",7467.4,7594.67,7323.26,7354.13,4936869888,126202570251
"Jul 21, 2018",7352.72,7437.64,7262.41,7419.29,3726609920,127333468174
"Jul 22, 2018",7417.8,7537.95,7383.82,7418.49,3695460096,127336615249
"Jul 23, 2018",7414.71,7771.5,7409.1,7711.11,5132480000,132375368459
"Jul 24, 2018",7716.51,8424.27,7705.5,8424.27,7277689856,144634918474
"Jul 25, 2018",8379.66,8416.87,8086.36,8181.39,5845400064,140482950401
"Jul 26, 2018",8176.85,8290.33,7878.71,7951.58,4899089920,136553079708
"Jul 27, 2018",7950.4,8262.66,7839.76,8165.01,5195879936,140235573607
"Jul 28, 2018",8169.06,8222.85,8110.77,8192.15,3988750080,140716560550
"Jul 29, 2018",8205.82,8272.26,8141.18,8218.46,4107190016,141185844808
"Jul 30, 2018",8221.58,8235.5,7917.5,8180.48,5551400000,140547190784
"Jul 31, 2018",8181.2,8181.53,7696.93,7780.44,5287530000,133688476220
"Aug 01, 2018",7769.04,7769.04,7504.95,7624.91,4797620000,131030166771
"Aug 02, 2018",7634.19,7712.77,7523.44,7567.15,4214110000,130052066760
"Aug 03, 2018",7562.14,7562.14,7328.65,7434.39,4627150000,127785826655
"Aug 04, 2018",7438.67,7497.49,6984.07,7032.85,4268390000,120899698889
"Aug 05, 2018",7031.08,7102.77,6940.7,7068.48,3679110000,121526079384
"Aug 06, 2018",7062.94,7166.55,6890.54,6951.8,3925900000,119531508535
"Aug 07, 2018",6958.32,7146.56,6748.24,6753.12,4682800000,116128339800
"Aug 08, 2018",6746.85,6746.85,6226.22,6305.8,5064430000,108448409560
"Aug 09, 2018",6305.56,6625.73,6249.07,6568.23,4267040000,112973963230
"Aug 10, 2018",6571.42,6591.26,6124.52,6184.71,4528680000,106390927598
"Aug 11, 2018",6185.79,6455.74,6109.03,6295.73,4047850000,108314257212
"Aug 12, 2018",6283.65,6409.85,6237.5,6322.69,5665250000,108790259014
"Aug 13, 2018",6341.36,6537.05,6225.72,6297.57,4083980000,108369686635
"Aug 14, 2018",6287.66,6287.94,5971.05,6199.71,5301700000,106696389129
"Aug 15, 2018",6221.42,6588.49,6221.42,6308.52,4895450000,108581773101
"Aug 16, 2018",6294.23,6473.5,6276.41,6334.73,4328420000,109045250379
"Aug 17, 2018",6340.91,6582.5,6324.97,6580.63,4992990000,113290724406
"Aug 18, 2018",6583.43,6617.35,6353.73,6423.76,3984520000,110603014928
"Aug 19, 2018",6422.57,6537.98,6361.55,6506.07,3311170000,112031838393
"Aug 20, 2018",6500.51,6536.92,6297.93,6308.53,3665100000,108642191682
"Aug 21, 2018",6301.07,6500.87,6298.24,6488.76,3377180000,111758100192
"Aug 22, 2018",6486.25,6816.79,6310.11,6376.71,4668110000,109840902181
"Aug 23, 2018",6371.34,6546.54,6371.34,6534.88,3426180000,112577436411
"Aug 24, 2018",6551.52,6719.96,6498.64,6719.96,4097820000,115778358839
"Aug 25, 2018",6719.95,6789.63,6700.96,6763.19,3312600000,116534497933
"Aug 26, 2018",6754.64,6774.75,6620.75,6707.26,3295500000,115585205491
"Aug 27, 2018",6710.8,6884.64,6689.71,6884.64,4019000000,118657885712
"Aug 28, 2018",6891.08,7109.56,6882.34,7096.28,4659940000,122319195736
"Aug 29, 2018",7091.71,7113.3,6970.82,7047.16,4145880000,121484666374
"Aug 30, 2018",7043.76,7072.69,6834.69,6978.23,4463250000,120309828156
"Aug 31, 2018",6973.97,7057.17,6920.16,7037.58,4495650000,121346613238
"Sep 01, 2018",7044.81,7242.29,7038.05,7193.25,4116050000,124044625438
"Sep 02, 2018",7189.58,7306.31,7132.16,7272.72,4329540000,125427780027
"Sep 03, 2018",7279.03,7317.94,7208.15,7260.06,4087760000,125222785390
"Sep 04, 2018",7263,7388.26,7255.44,7361.66,4273640000,126986882925
"Sep 05, 2018",7361.46,7388.43,6792.83,6792.83,5800460000,117185657641
"Sep 06, 2018",6755.14,6755.14,6404.72,6529.17,5523470000,112649565532
"Sep 07, 2018",6528.92,6555.29,6396.87,6467.07,4264680000,111590424587
"Sep 08, 2018",6460.17,6534.25,6197.52,6225.98,3835060000,107442122871
"Sep 09, 2018",6223.38,6446.26,6201.22,6300.86,3671890000,108747090915
"Sep 10, 2018",6301.57,6374.98,6292.76,6329.7,3714100000,109255603474
"Sep 11, 2018",6331.88,6398.92,6260.21,6321.2,3849910000,109119948884
"Sep 12, 2018",6317.01,6363.87,6265.09,6351.8,4064230000,109661521297
"Sep 13, 2018",6354.24,6535.41,6354.24,6517.31,4210910000,112530970182
"Sep 14, 2018",6515.41,6596.1,6456.17,6512.71,4076220000,112462453186
"Sep 15, 2018",6509.4,6561.72,6493.55,6543.2,3216300000,113000324618
"Sep 16, 2018",6536.68,6544.33,6460.1,6517.18,3273730000,112562367224
"Sep 17, 2018",6514.06,6540.21,6257.52,6281.2,3910780000,108497127334
"Sep 18, 2018",6280.91,6384.18,6265.71,6371.3,4180090000,110064685348
"Sep 19, 2018",6371.85,6448.46,6208.34,6398.54,4431340000,110547735544
"Sep 20, 2018",6398.85,6529.26,6395.95,6519.67,4348110000,112653130183
"Sep 21, 2018",6513.87,6794.33,6496.36,6734.95,6531940000,116385068032
"Sep 22, 2018",6735.05,6814.56,6616.8,6721.98,4509660000,116173876360
"Sep 23, 2018",6715.32,6766.15,6679.42,6710.63,4197500000,115990387532
"Sep 24, 2018",6704.77,6713.56,6580.9,6595.41,4177310000,114011060309
"Sep 25, 2018",6603.64,6603.64,6381.86,6446.47,4726180000,111450035114
"Sep 26, 2018",6452.79,6585.91,6397.89,6495,4437300000,112300336125
"Sep 27, 2018",6495.29,6712.1,6464.95,6676.75,4606810000,115454861756
"Sep 28, 2018",6678.75,6785.03,6598.32,6644.13,5014430000,114903584220
"Sep 29, 2018",6643.1,6643.1,6511.65,6601.96,4363690000,114186839964
"Sep 30, 2018",6604.71,6643.78,6566.54,6625.56,4002280000,114608519470
"Oct 01, 2018",6619.85,6653.3,6549.08,6589.62,4000970000,113999846113
"Oct 02, 2018",6593.24,6611.84,6537.9,6556.1,3979260000,113431019760
"Oct 03, 2018",6553.86,6571.46,6454.03,6502.59,3887310000,112516993837
"Oct 04, 2018",6497.91,6603.31,6497.91,6576.69,3838410000,113811343543
"Oct 05, 2018",6574.15,6623.62,6557.41,6622.48,3671500000,114614764674
"Oct 06, 2018",6622.45,6628.54,6577.8,6588.31,3259740000,114033598927
"Oct 07, 2018",6590.68,6641.49,6557.04,6602.95,3306630000,114298880311
"Oct 08, 2018",6600.19,6675.06,6576.04,6652.23,3979460000,115162906843
"Oct 09, 2018",6653.08,6661.41,6606.94,6642.64,3580810000,115007759484
"Oct 10, 2018",6640.29,6640.29,6538.96,6585.53,3787650000,114030835912
"Oct 11, 2018",6586.74,6586.74,6243.74,6256.24,5181640000,108341572839
"Oct 12, 2018",6239.25,6328.5,6236.47,6274.58,3783500000,108669526315
"Oct 13, 2018",6278.08,6308.51,6259.81,6285.99,3064030000,108878136724
"Oct 14, 2018",6288.49,6363.21,6280.15,6290.93,3085320000,108972590373
"Oct 15, 2018",6292.64,6965.06,6258.68,6596.54,7370770000,114280022340
"Oct 16, 2018",6601.41,6673.59,6571.37,6596.11,4074800000,114283707152
"Oct 17, 2018",6590.52,6601.21,6517.45,6544.43,4088420000,113399343801
"Oct 18, 2018",6542.33,6567.54,6450.04,6476.71,3924080000,112237252159
"Oct 19, 2018",6478.07,6493.68,6445.31,6465.41,3578870000,112052990522
"Oct 20, 2018",6460.92,6497.72,6449,6489.19,3379130000,112476559221
"Oct 21, 2018",6490.09,6556.38,6476,6482.35,3253610000,112369106369
"Oct 22, 2018",6486.05,6543.8,6462.98,6487.16,3672860000,112465213723
"Oct 23, 2018",6472.36,6506.01,6451.27,6475.74,3716150000,112279779884
"Oct 24, 2018",6478.89,6521.99,6468.86,6495.84,3424670000,112637293966
"Oct 25, 2018",6484.65,6504.65,6447.03,6476.29,3230550000,112309554478
"Oct 26, 2018",6468.44,6498.29,6449.61,6474.75,3306050000,112294341019
"Oct 27, 2018",6480.84,6507.41,6453.53,6480.38,3393250000,112403001148
"Oct 28, 2018",6482.66,6502.28,6447.91,6486.39,3445190000,112518434372
"Oct 29, 2018",6492.35,6503.6,6306.99,6332.63,4199910000,109862898081
"Oct 30, 2018",6337.04,6364.99,6310.14,6334.27,3781100000,109903543419
"Oct 31, 2018",6336.99,6349.16,6316.88,6317.61,4191240000,109627117226
"Nov 01, 2018",6318.14,6547.14,6311.83,6377.78,3789400000,110683820788
"Nov 02, 2018",6378.92,6396.86,6327.38,6388.44,4234870000,110880236966
"Nov 03, 2018",6387.24,6400.07,6342.37,6361.26,3658640000,110421212888
"Nov 04, 2018",6365.47,6388.63,6294.57,6376.13,4390020000,110689215104
"Nov 05, 2018",6363.62,6480.59,6363.62,6419.66,4174800000,111456211022
"Nov 06, 2018",6433.38,6463.55,6408.16,6461.01,4700040000,112095603776
"Nov 07, 2018",6468.5,6552.16,6468.31,6530.14,4941260000,113395632955
"Nov 08, 2018",6522.27,6536.92,6438.53,6453.72,4665260000,112078367037
"Nov 09, 2018",6442.6,6456.46,6373.37,6385.62,4346820000,110905767441
"Nov 10, 2018",6386.13,6437.28,6385.31,6409.22,3705320000,111326145314
"Nov 11, 2018",6413.63,6423.25,6350.17,6411.27,3939060000,111373453740
"Nov 12, 2018",6411.76,6434.21,6360.47,6371.27,4295770000,110689666528
"Nov 13, 2018",6373.19,6395.27,6342.67,6359.49,4503800000,110494466204
"Nov 14, 2018",6351.24,6371.55,5544.09,5738.35,7398940000,99712077259
"Nov 15, 2018",5736.15,5774.82,5358.38,5648.03,7032140000,98151606541
"Nov 16, 2018",5645.32,5657.02,5498.94,5575.55,5279320000,96900828780
"Nov 17, 2018",5578.58,5578.58,5519.56,5554.33,4303150000,96542098114
"Nov 18, 2018",5559.74,5653.61,5559.74,5623.54,4159680000,97753714643
"Nov 19, 2018",5620.78,5620.78,4842.91,4871.49,7039560000,84688539692
"Nov 20, 2018",4863.93,4951.61,4272.11,4451.87,8428290000,77401044320
"Nov 21, 2018",4465.54,4675.73,4343.98,4602.17,6120120000,80020171047
"Nov 22, 2018",4611.57,4629.64,4365.64,4365.94,4569370000,75919439809
"Nov 23, 2018",4360.7,4396.42,4195.68,4347.11,4871490000,75598851166
"Nov 24, 2018",4347.69,4413.09,3795.16,3880.76,4679500000,67495633205
"Nov 25, 2018",3880.78,4120.87,3585.06,4009.97,6825640000,69749265801
"Nov 26, 2018",4015.07,4107.14,3643.92,3779.13,6476900000,65739289046
"Nov 27, 2018",3765.95,3862.96,3661.01,3820.72,5998720000,66468970322
"Nov 28, 2018",3822.47,4385.9,3822.47,4257.42,7280280000,74072560088
"Nov 29, 2018",4269,4413.02,4145.77,4278.85,6503347767,74451016927
"Nov 30, 2018",4289.09,4322.98,3942.82,4017.27,6048016717,69904637061
"Dec 01, 2018",4024.46,4309.38,3969.71,4214.67,5375314093,73346194969
"Dec 02, 2018",4200.73,4301.52,4110.98,4139.88,5262697895,72050487506
"Dec 03, 2018",4147.32,4155.98,3840.45,3894.13,5089570994,67779050170
"Dec 04, 2018",3886.29,4075.63,3832.75,3956.89,5028069239,68878292608
"Dec 05, 2018",3958.89,3969.54,3753.99,3753.99,5302481574,65352496336
"Dec 06, 2018",3754.07,3874.97,3521.1,3521.1,5878333109,61303965508
"Dec 07, 2018",3512.59,3512.59,3280.23,3419.94,6835615448,59547645578
"Dec 08, 2018",3421.91,3506.04,3350.65,3476.11,5305024497,60531278392
"Dec 09, 2018",3473.23,3685.31,3469.09,3614.23,4947372847,62942160928
"Dec 10, 2018",3612.05,3647.33,3470.14,3502.66,5020968740,61004445982
"Dec 11, 2018",3497.55,3513.18,3392.25,3424.59,4696765188,59650201102
"Dec 12, 2018",3421.46,3534.23,3413.48,3486.95,4139364829,60741625426
"Dec 13, 2018",3487.88,3489.74,3298.13,3313.68,4343372456,57728688216
"Dec 14, 2018",3311.75,3329.56,3206.54,3242.48,4372763663,56494379457
"Dec 15, 2018",3244,3275.38,3191.3,3236.76,3551763561,56400691425
"Dec 16, 2018",3236.27,3305.75,3233.82,3252.84,3744248994,56685436644
"Dec 17, 2018",3253.12,3597.92,3253.12,3545.86,5409247918,61798926687
"Dec 18, 2018",3544.76,3701.35,3487.17,3696.06,5911325473,64422587801
"Dec 19, 2018",3706.82,3949.32,3687.23,3745.95,6810689119,65299132785
"Dec 20, 2018",3742.2,4191.23,3728.97,4134.44,8927129279,72078243771
"Dec 21, 2018",4133.7,4198.43,3850.95,3896.54,7206015706,67937650255
"Dec 22, 2018",3898.08,4014.18,3855.74,4014.18,5605823233,69997508295
"Dec 23, 2018",4020.99,4085.72,3976.41,3998.98,6151275490,69741217417
"Dec 24, 2018",4000.33,4271.79,4000.33,4078.6,7240968501,71137548589
"Dec 25, 2018",4081.03,4089.56,3760.02,3815.49,6158207293,66556033172
"Dec 26, 2018",3819.67,3893.36,3769.86,3857.3,5326547918,67292819465
"Dec 27, 2018",3854.69,3874.42,3645.45,3654.83,5130222366,63768757101
"Dec 28, 2018",3653.13,3956.14,3642.63,3923.92,5631554348,68471837969
"Dec 29, 2018",3932.49,3963.76,3820.41,3820.41,4991655917,66672244158
"Dec 30, 2018",3822.38,3901.91,3797.22,3865.95,4770578575,67475512827
"Dec 31, 2018",3866.84,3868.74,3725.87,3742.7,4661840806,65331499158
"Jan 01, 2019",3746.71,3850.91,3707.23,3843.52,4324200990,67098634181
"Jan 02, 2019",3849.22,3947.98,3817.41,3943.41,5244856836,68849856732
"Jan 03, 2019",3931.05,3935.69,3826.22,3836.74,4530215219,66994920903
"Jan 04, 2019",3832.04,3865.93,3783.85,3857.72,4847965467,67368333500
"Jan 05, 2019",3851.97,3904.9,3836.9,3845.19,5137609824,67157570935
"Jan 06, 2019",3836.52,4093.3,3826.51,4076.63,5597027440,71206795853
"Jan 07, 2019",4078.59,4092.61,4020.89,4025.25,5228625637,70316305580
"Jan 08, 2019",4028.47,4109.02,3996.96,4030.85,5306593305,70422743854
"Jan 09, 2019",4031.55,4068.4,4022.66,4035.3,5115905225,70508733459
"Jan 10, 2019",4034.41,4064.07,3659.17,3678.92,6874143796,64288932886
"Jan 11, 2019",3674.02,3713.88,3653.07,3687.37,5538712865,64443301117
"Jan 12, 2019",3686.97,3698.98,3653.81,3661.3,4778170883,63994140882
"Jan 13, 2019",3658.87,3674.76,3544.93,3552.95,4681302466,62106461671
"Jan 14, 2019",3557.31,3727.84,3552.29,3706.05,5651384490,64789619995
"Jan 15, 2019",3704.22,3720.15,3619.95,3630.68,5537192302,63477817959
"Jan 16, 2019",3631.51,3685.78,3624.67,3655.01,5394457145,63909348776
"Jan 17, 2019",3651.87,3680.14,3621.96,3678.56,5464420383,64327048255
"Jan 18, 2019",3677.99,3682.52,3637.08,3657.84,5002961727,63970991867
"Jan 19, 2019",3652.38,3758.53,3652.38,3728.57,5955691380,65214103659
"Jan 20, 2019",3725.45,3743.39,3583.02,3601.01,5582489560,62990143284
"Jan 21, 2019",3600.37,3608.84,3558.54,3576.03,5004347059,62559869612
"Jan 22, 2019",3575.08,3620.75,3539.72,3604.58,5313623556,63065139424
"Jan 23, 2019",3605.56,3623.07,3565.31,3585.12,5433755649,62731361272
"Jan 24, 2019",3584.5,3616.09,3569.09,3600.87,5262869046,63014066012
"Jan 25, 2019",3607.39,3612.93,3575.6,3599.77,5265847539,63000985908
"Jan 26, 2019",3599.72,3654.93,3593.35,3602.46,5098183235,63054898963
"Jan 27, 2019",3604.69,3612.67,3567.25,3583.97,5570752966,62737274093
"Jan 28, 2019",3584.28,3586.75,3439.23,3470.45,6908930483,60756570314
"Jan 29, 2019",3468.87,3476.07,3400.82,3448.12,5897159493,60371874099
"Jan 30, 2019",3443.9,3495.17,3429.39,3486.18,5955112627,61044262622
"Jan 31, 2019",3485.41,3504.8,3447.92,3457.79,5831198271,60553903928
"Feb 01, 2019",3460.55,3501.95,3431.59,3487.95,5422926707,61088747491
"Feb 02, 2019",3484.63,3523.29,3467.57,3521.06,5071623601,61675119055
"Feb 03, 2019",3516.14,3521.39,3447.92,3464.01,5043937584,60681847608
"Feb 04, 2019",3467.21,3476.22,3442.59,3459.15,5332718886,60603083461
"Feb 05, 2019",3454.95,3478.15,3451.94,3466.36,5227549545,60735563490
"Feb 06, 2019",3469.09,3469.09,3398.57,3413.77,5482196038,59821158612
"Feb 07, 2019",3414.93,3427.95,3394.22,3399.47,5004962683,59578075991
"Feb 08, 2019",3401.38,3695.61,3391.02,3666.78,7735623101,64270269953
"Feb 09, 2019",3671.59,3679.94,3646.56,3671.2,6158833645,64354732475
"Feb 10, 2019",3673.2,3695.04,3640.98,3690.19,6282256903,64694025951
"Feb 11, 2019",3695.61,3695.61,3642.29,3648.43,6277056434,63968390250
"Feb 12, 2019",3642.75,3668.59,3618.56,3653.53,6480384532,64063755250
"Feb 13, 2019",3653.6,3669.75,3617.25,3632.07,6438903823,63694394519
"Feb 14, 2019",3631.17,3646.26,3607.7,3616.88,6271044418,63434486052
"Feb 15, 2019",3617.37,3647.8,3608.21,3620.81,6091952231,63509111125
"Feb 16, 2019",3615.27,3652.84,3615.27,3629.79,5934744052,63673369195
"Feb 17, 2019",3633.36,3680.54,3619.18,3673.84,7039512503,64453368779
"Feb 18, 2019",3671.37,3936.67,3669.98,3915.71,9908216640,68704389994
"Feb 19, 2019",3911.66,4010.88,3908.15,3947.09,9933626655,69262673238
"Feb 20, 2019",3946.68,4000.49,3926.25,3999.82,8693373948,70194350042
"Feb 21, 2019",4000.26,4010.01,3940.11,3954.12,7775128102,69398333876
"Feb 22, 2019",3952.41,4006.54,3950.82,4005.53,7826525254,70308555857
"Feb 23, 2019",3998.92,4166.29,3968.73,4142.53,8922258316,72720867208
"Feb 24, 2019",4145.46,4210.64,3793.71,3810.43,10794227451,66897483404
"Feb 25, 2019",3807,3913.71,3807,3882.7,9318796067,68173204651
"Feb 26, 2019",3878.7,3891.58,3837.99,3854.36,7931218996,67683296223
"Feb 27, 2019",3857.48,3888.8,3787.06,3851.05,8301309684,67631949500
"Feb 28, 2019",3848.26,3906.06,3845.82,3854.79,8399767798,67704774107
"Mar 01, 2019",3853.76,3907.8,3851.69,3859.58,7661247975,67796965743
"Mar 02, 2019",3855.32,3874.61,3832.13,3864.42,7578786076,67888255371
"Mar 03, 2019",3862.27,3875.48,3836.91,3847.18,7253558152,67592376373
"Mar 04, 2019",3845.09,3867.38,3733.75,3761.56,9029175788,66094551587
"Mar 05, 2019",3759.83,3903.92,3745.18,3896.38,10174126415,68470655400
"Mar 06, 2019",3897.08,3919.51,3871.46,3903.94,9175291529,68609885776
"Mar 07, 2019",3903.38,3939.37,3894.11,3911.48,9584165519,68749421311
"Mar 08, 2019",3913.23,3950.43,3875.23,3901.13,10638638944,68574579320
"Mar 09, 2019",3894.55,3987.24,3892.39,3963.31,10796103518,69674508655
"Mar 10, 2019",3966.17,3966.17,3924.38,3951.6,9713267607,69475297370
"Mar 11, 2019",3953.74,3966.38,3889.24,3905.23,10125901903,68666928026
"Mar 12, 2019",3903.76,3926.89,3863.56,3909.16,9809887079,68743000581
"Mar 13, 2019",3913.05,3926.6,3891.9,3906.72,9469184841,68706700381
"Mar 14, 2019",3905.58,3946.5,3901.3,3924.37,10480789570,69024696307
"Mar 15, 2019",3926.66,3968.54,3914.02,3960.91,9394210605,69675002377
"Mar 16, 2019",3963.9,4077.04,3961.66,4048.73,9856166973,71227967573
"Mar 17, 2019",4047.72,4054.12,4006.41,4025.23,8221625400,70821939585
"Mar 18, 2019",4029.97,4071.56,4009.12,4032.51,9646954186,70958165407
"Mar 19, 2019",4032.69,4082.22,4023.81,4071.19,9344919956,71647703828
"Mar 20, 2019",4070.79,4089.46,4031.11,4087.48,10175916388,71942444088
"Mar 21, 2019",4083.95,4097.36,4005.15,4029.33,10831212662,70926226882
"Mar 22, 2019",4028.51,4053.91,4021.54,4023.97,9252935969,70840048102
"Mar 23, 2019",4022.71,4049.88,4015.96,4035.83,9578850549,71056017910
"Mar 24, 2019",4035.16,4040.7,4006.19,4022.17,9144851065,70823042992
"Mar 25, 2019",4024.11,4038.84,3934.03,3963.07,10359818883,69789872373
"Mar 26, 2019",3969.23,3985.08,3944.75,3985.08,10707678815,70184147203
"Mar 27, 2019",3984.24,4087.07,3977.81,4087.07,10897131934,71987847571
"Mar 28, 2019",4087.58,4094.9,4040.27,4069.11,9353915899,71678998915
"Mar 29, 2019",4068.3,4113.5,4034.1,4098.37,10918665557,72202088875
"Mar 30, 2019",4092.14,4296.81,4053.91,4106.66,9732688060,72355190645
"Mar 31, 2019",4105.46,4113.02,4094.1,4105.4,9045122443,72339379036
"Apr 01, 2019",4105.36,4164.95,4096.9,4158.18,10157794171,73269368747
"Apr 02, 2019",4156.92,4905.95,4155.32,4879.88,21315047816,85986009273
"Apr 03, 2019",4879.96,5307,4876.62,4973.02,22899891582,87655288145
"Apr 04, 2019",4971.31,5063.16,4836.79,4922.8,18251810240,86778727821
"Apr 05, 2019",4922.81,5053.51,4919.49,5036.68,16837325387,88796118650
"Apr 06, 2019",5036.79,5205.82,4992.22,5059.82,16929795194,89212733450
"Apr 07, 2019",5062.79,5235.19,5050.41,5198.9,16655416140,91674230186
"Apr 08, 2019",5199.84,5318.84,5148.21,5289.77,17154113634,93286365973
"Apr 09, 2019",5289.92,5289.92,5167.42,5204.96,14722104361,91799330425
"Apr 10, 2019",5204.11,5421.65,5193.38,5324.55,15504590933,93918439274
"Apr 11, 2019",5325.08,5354.23,5017.3,5064.49,16555616019,89341168457
"Apr 12, 2019",5061.2,5103.27,4955.85,5089.54,13675206313,89792633045
"Apr 13, 2019",5088.85,5127.12,5061.59,5096.59,10823289598,89925574875
"Apr 14, 2019",5095.76,5184.02,5053.57,5167.72,10391952498,91188595341
"Apr 15, 2019",5167.32,5196.61,5024.07,5067.11,12290155061,89422237603
"Apr 16, 2019",5066.58,5238.95,5055.19,5235.56,11618660197,92404613297
"Apr 17, 2019",5236.14,5274.28,5219.21,5251.94,12438480677,92702617458
"Apr 18, 2019",5251.48,5319.99,5250.51,5298.39,13256489918,93532402741
"Apr 19, 2019",5298.15,5336.68,5233.34,5303.81,13780238655,93638345002
"Apr 20, 2019",5304.16,5358.49,5295.88,5337.89,13169647522,94248717444
"Apr 21, 2019",5335.88,5359.93,5257.34,5314.53,13731844223,93847052256
"Apr 22, 2019",5312.49,5422.69,5280.28,5399.37,14601631648,95354207776
"Apr 23, 2019",5399.37,5633.8,5389.41,5572.36,15867308108,98417387004
"Apr 24, 2019",5571.51,5642.04,5418.26,5464.87,17048033399,96530038144
"Apr 25, 2019",5466.52,5542.24,5181.34,5210.52,15330283408,92046492864
"Apr 26, 2019",5210.3,5383.63,5177.37,5279.35,16812108040,93272287960
"Apr 27, 2019",5279.47,5310.75,5233.64,5268.29,13111274675,93086156556
"Apr 28, 2019",5271.75,5326.23,5255.68,5285.14,12819992056,93391244395
"Apr 29, 2019",5284.86,5311.27,5216.49,5247.35,13735490672,92737510865
"Apr 30, 2019",5247.73,5363.26,5224.19,5350.73,13878964574,94573826828
"May 01, 2019",5350.91,5418,5347.65,5402.7,13679528237,95501110091
"May 02, 2019",5402.42,5522.26,5394.22,5505.28,14644460907,97330112147
"May 03, 2019",5505.55,5865.88,5490.2,5768.29,18720780006,101986240859
"May 04, 2019",5769.2,5886.89,5645.47,5831.17,17567780766,103112021259
"May 05, 2019",5831.07,5833.86,5708.04,5795.71,14808830723,102494420158
"May 06, 2019",5791.69,5802.96,5653.69,5746.81,15737171804,101640471056
"May 07, 2019",5745.6,5988.18,5741.4,5829.5,18026409033,103112368557
"May 08, 2019",5849.48,5989.98,5794.72,5982.46,15320605300,105829143585
"May 09, 2019",5982.32,6183.04,5982.32,6174.53,16784645411,109238600750
"May 10, 2019",6175.82,6434.62,6161.52,6378.85,19419875368,112863284035
"May 11, 2019",6379.67,7333,6375.7,7204.77,28867562329,127488435181
"May 12, 2019",7203.51,7503.87,6815.77,6972.37,27773333680,123389710222
"May 13, 2019",6971.18,8047.41,6898.28,7814.92,28677672182,138316573807
"May 14, 2019",7807.88,8268.71,7696.39,7994.42,32031452227,141508656735
"May 15, 2019",7989.37,8216.42,7899.11,8205.17,28344112920,145254332460
"May 16, 2019",8194.5,8320.82,7729.61,7884.91,33167197581,139599559278
"May 17, 2019",7886.93,7929.15,7038.12,7343.9,30066644905,130034777633
"May 18, 2019",7341.66,7447.27,7251.5,7271.21,21354286562,128761727083
"May 19, 2019",7267.96,8261.94,7267.96,8197.69,25902422040,145185076705
"May 20, 2019",8196.92,8200.97,7678.78,7978.31,23843404340,141315695728
"May 21, 2019",7977.97,8062.17,7843.34,7963.33,25127245056,141065573610
"May 22, 2019",7956.29,7997.61,7615.99,7680.07,24719473175,136063898960
"May 23, 2019",7677.27,7943.79,7533.2,7881.85,24457107820,139654107035
